price_level,level_type,timeframe,created_at,source,anchor_time,completion_time,direction,period,support_touches,resistance_touches
74508.0,Fractal_Low,daily,2025-04-07,fractal,,,,,1,0
75000.0,VP_vah,daily,,volume_profile,,,,2025-04-09,0,0
76144.0,VP_vah,daily,,volume_profile,,,,2025-04-07,1,0
76322.42,HTF_Level_daily,daily,2025-04-09,htf,,,,,1,0
76606.0,Fractal_Low,daily,2025-03-11,fractal,,,,,1,0
77154.0,VP_vah,daily,,volume_profile,,,,2025-04-06,0,0
77169.0,VP_poc,daily,,volume_profile,,,,2025-04-09,0,0
77233.0,VP_vah,daily,,volume_profile,,,,2025-04-08,0,0
77501.0,VP_vah,daily,,volume_profile,,,,2025-03-10,1,0
77505.105,Fib_0.75_daily,daily,2025-04-15,fibonacci,2025-04-07,2025-04-15,low_to_high,,1,0
78006.0,Fib_0.25_daily,daily,2025-04-07,fibonacci,2025-04-02,2025-04-07,high_to_low,,1,0
78072.3575,Fib_0.25_daily,daily,2025-04-07,fibonacci,2025-03-24,2025-04-07,high_to_low,,1,0
78258.52,Fractal_Low,daily,2025-02-28,fractal,,,,,1,0
78392.0,VP_poc,daily,,volume_profile,,,,2025-04-07,0,0
78430.0,HTF_Level_daily,daily,2025-04-07,htf,,,,,0,1
78595.86,HTF_Level_daily,daily,2025-03-11,htf,,,,,0,2
78781.9275,Fib_0.75_daily,daily,2025-03-14,fibonacci,2025-03-11,2025-03-14,low_to_high,,1,2
78835.81962,Fib_0.639_daily,daily,2025-04-15,fibonacci,2025-04-07,2025-04-15,low_to_high,,1,2
78840.0,VP_poc,daily,,volume_profile,,,,2025-04-06,1,2
78896.0,VP_vah,daily,,volume_profile,,,,2025-02-28,1,2
78969.0,VP_vah,daily,,volume_profile,,,,2025-03-11,1,2
79083.66,Fib_0.25_daily,daily,2025-04-07,fibonacci,2025-03-06,2025-04-07,high_to_low,,1,2
79163.24,HTF_Level_daily,daily,2025-04-08,htf,,,,,1,1
79200.0,VP_poc,daily,,volume_profile,,,,2025-03-10,1,1
79317.9175,Fib_0.75_daily,daily,2025-03-20,fibonacci,2025-03-11,2025-03-20,low_to_high,,1,1
79447.0,VP_val,daily,,volume_profile,,,,2025-04-07,0,0
79560.0,VP_poc,daily,,volume_profile,,,,2025-04-08,1,0
79607.3,HTF_Level_daily,daily,2025-04-11,htf,,,,,1,0
79631.0,Fib_0.25_daily,daily,2025-04-07,fibonacci,2025-03-02,2025-04-07,high_to_low,,1,0
79645.8575,Fib_0.75_daily,daily,2025-03-24,fibonacci,2025-03-11,2025-03-24,low_to_high,,1,0
79709.0,VP_vah,daily,,volume_profile,,,,2025-04-10,1,0
79748.03931000001,Fib_0.639_daily,daily,2025-03-14,fibonacci,2025-03-11,2025-03-14,low_to_high,,1,0
79820.51,Fib_0.75_daily,daily,2025-04-25,fibonacci,2025-04-07,2025-04-25,low_to_high,,1,0
80256.0,VP_poc,daily,,volume_profile,,,,2025-02-28,1,0
80354.92,Fib_0.75_daily,daily,2025-05-02,fibonacci,2025-04-07,2025-05-02,low_to_high,,1,0
80413.0,VP_val,daily,,volume_profile,,,,2025-04-08,1,0
80502.20999999999,Fib_0.50_daily,daily,2025-04-15,fibonacci,2025-04-07,2025-04-15,low_to_high,,1,0
80522.00887,Fib_0.639_daily,daily,2025-03-20,fibonacci,2025-03-11,2025-03-20,low_to_high,,1,0
80657.16,Fib_0.25_daily,daily,2025-03-11,fibonacci,2025-03-06,2025-03-11,high_to_low,,2,0
80749.75,Fib_0.25_daily,daily,2025-04-07,fibonacci,2025-02-21,2025-04-07,high_to_low,,1,0
80895.0,VP_val,daily,,volume_profile,,,,2025-04-06,1,0
80915.4975,Fib_0.25_daily,daily,2025-04-07,fibonacci,2025-02-07,2025-04-07,high_to_low,,1,0
80957.85500000001,Fib_0.50_daily,daily,2025-03-14,fibonacci,2025-03-11,2025-03-14,low_to_high,,1,0
80960.0,VP_vah,daily,,volume_profile,,,,2025-03-13,1,0
80995.55423,Fib_0.639_daily,daily,2025-03-24,fibonacci,2025-03-11,2025-03-24,low_to_high,,1,0
81115.78,HTF_Level_daily,daily,2025-03-14,htf,,,,,1,0
81123.0,VP_vah,daily,,volume_profile,,,,2025-03-09,0,0
81134.66,Fractal_Low,daily,2025-03-18,fractal,,,,,1,0
81204.5,Fib_0.25_daily,daily,2025-03-11,fibonacci,2025-03-02,2025-03-11,high_to_low,,1,1
81211.24,Fractal_Low,daily,2025-04-03,fractal,,,,,1,1
81278.52,Fractal_Low,daily,2025-03-31,fractal,,,,,1,1
81289.0,VP_poc,daily,,volume_profile,,,,2025-03-11,1,1
81450.0,VP_vah,daily,,volume_profile,,,,2025-04-11,1,1
81500.0,Fractal_Low,daily,2025-03-04,fractal,,,,,2,1
81504.0,Fib_0.50_daily,daily,2025-04-07,fibonacci,2025-04-02,2025-04-07,high_to_low,,1,1
81535.0,VP_vah,daily,,volume_profile,,,,2025-03-31,1,0
81618.0,VP_vah,daily,,volume_profile,,,,2025-03-12,1,0
81636.715,Fib_0.50_daily,daily,2025-04-07,fibonacci,2025-03-24,2025-04-07,high_to_low,,1,0
81645.0,VP_vah,daily,,volume_profile,,,,2025-03-29,1,0
81830.0,VP_val,daily,,volume_profile,,,,2025-03-10,1,0
81838.0,VP_poc,daily,,volume_profile,,,,2025-04-10,1,0
81848.0,VP_vah,daily,,volume_profile,,,,2025-03-18,1,0
81919.0,VP_poc,daily,,volume_profile,,,,2025-03-31,1,0
82013.0,VP_vah,daily,,volume_profile,,,,2025-03-04,1,0
82029.83499999999,Fib_0.50_daily,daily,2025-03-20,fibonacci,2025-03-11,2025-03-20,low_to_high,,1,0
82047.0,VP_val,daily,,volume_profile,,,,2025-04-09,1,0
82092.0,VP_val,daily,,volume_profile,,,,2025-03-11,1,0
82110.0,VP_vah,daily,,volume_profile,,,,2025-04-03,1,0
82178.4225,Fib_0.25_daily,daily,2025-03-18,fibonacci,2025-03-14,2025-03-18,high_to_low,,1,0
82179.26444,Fib_0.639_daily,daily,2025-04-25,fibonacci,2025-04-07,2025-04-25,low_to_high,,0,0
82222.0,VP_vah,daily,,volume_profile,,,,2025-04-04,0,0
82256.0,VP_vah,daily,,volume_profile,,,,2025-02-26,0,0
82304.0,VP_poc,daily,,volume_profile,,,,2025-04-11,1,0
82323.25,Fib_0.25_daily,daily,2025-03-11,fibonacci,2025-02-21,2025-03-11,high_to_low,,1,0
82335.8625,Fib_0.75_daily,daily,2025-05-12,fibonacci,2025-04-07,2025-05-12,low_to_high,,1,0
82375.0,VP_vah,daily,,volume_profile,,,,2025-03-30,1,0
82390.0,HTF_Level_daily,daily,2025-03-31,htf,,,,,1,0
82400.0,VP_vah,daily,,volume_profile,,,,2025-03-16,1,0
82443.89,Fib_0.75_daily,daily,2025-03-02,fibonacci,2025-02-28,2025-03-02,low_to_high,,1,0
82488.9975,Fib_0.25_daily,daily,2025-03-11,fibonacci,2025-02-07,2025-03-11,high_to_low,,1,0
82495.36,Fib_0.25_daily,daily,2025-04-07,fibonacci,2025-01-30,2025-04-07,high_to_low,,1,0
82500.0,VP_poc,daily,,volume_profile,,,,2025-03-29,1,0
82516.28,HTF_Level_daily,daily,2025-04-03,htf,,,,,1,0
82574.52,HTF_Level_daily,daily,2025-03-17,htf,,,,,1,0
82575.0,VP_poc,daily,,volume_profile,,,,2025-03-16,1,0
82582.0,VP_vah,daily,,volume_profile,,,,2025-03-19,1,0
82615.22,HTF_Level_daily,daily,2025-04-10,htf,,,,,1,0
82661.0,Fib_0.25_daily,daily,2025-04-07,fibonacci,2025-01-24,2025-04-07,high_to_low,,1,0
82685.715,Fib_0.50_daily,daily,2025-03-24,fibonacci,2025-03-11,2025-03-24,low_to_high,,1,0
82712.0,VP_poc,daily,,volume_profile,,,,2025-03-09,1,0
82714.4125,Fib_0.75_daily,daily,2025-03-20,fibonacci,2025-03-18,2025-03-20,low_to_high,,1,0
82715.03,HTF_Level_daily,daily,2025-03-19,htf,,,,,1,0
82753.0,VP_poc,daily,,volume_profile,,,,2025-03-12,1,0
82753.0,VP_val,daily,,volume_profile,,,,2025-04-10,1,0
82826.0,VP_vah,daily,,volume_profile,,,,2025-03-17,1,0
82829.0,VP_val,daily,,volume_profile,,,,2025-02-28,1,0
82861.0,VP_vah,daily,,volume_profile,,,,2025-03-14,1,0
82863.0,VP_val,daily,,volume_profile,,,,2025-03-31,1,0
82949.0,VP_vah,daily,,volume_profile,,,,2025-04-05,1,0
82950.95247999999,Fib_0.639_daily,daily,2025-05-02,fibonacci,2025-04-07,2025-05-02,low_to_high,,1,0
83033.43000000001,Fib_0.25_daily,daily,2025-04-03,fibonacci,2025-04-02,2025-04-03,high_to_low,,2,0
83042.35250000001,Fib_0.75_daily,daily,2025-03-24,fibonacci,2025-03-18,2025-03-24,low_to_high,,2,0
83050.0,VP_poc,daily,,volume_profile,,,,2025-04-04,2,0
83079.0,VP_poc,daily,,volume_profile,,,,2025-03-30,2,0
83082.0,VP_poc,daily,,volume_profile,,,,2025-03-18,2,0
83083.89,Fib_0.75_daily,daily,2025-04-02,fibonacci,2025-03-31,2025-04-02,low_to_high,,2,0
83099.7875,Fib_0.25_daily,daily,2025-04-03,fibonacci,2025-03-24,2025-04-03,high_to_low,,2,0
83111.64,Fractal_Low,daily,2025-04-16,fractal,,,,,2,0
83133.7825,Fib_0.25_daily,daily,2025-03-14,fibonacci,2025-03-11,2025-03-14,low_to_high,,2,0
83145.0,VP_vah,daily,,volume_profile,,,,2025-04-12,2,0
83150.2475,Fib_0.25_daily,daily,2025-03-31,fibonacci,2025-03-24,2025-03-31,high_to_low,,2,0
83202.0,VP_poc,daily,,volume_profile,,,,2025-03-13,2,0
83222.185,Fib_0.50_daily,daily,2025-03-18,fibonacci,2025-03-14,2025-03-18,high_to_low,,2,0
83271.0,VP_vah,daily,,volume_profile,,,,2025-04-16,2,0
83278.0,Fib_0.25_daily,daily,2025-04-07,fibonacci,2025-01-20,2025-04-07,high_to_low,,2,0
83319.0,VP_val,daily,,volume_profile,,,,2025-03-12,2,0
83344.0,VP_poc,daily,,volume_profile,,,,2025-04-03,2,0
83358.0,VP_poc,daily,,volume_profile,,,,2025-03-17,2,0
83360.0,VP_val,daily,,volume_profile,,,,2025-03-30,2,0
83368.0,VP_val,daily,,volume_profile,,,,2025-03-18,2,0
83415.82261,Fib_0.639_daily,daily,2025-03-20,fibonacci,2025-03-18,2025-03-20,low_to_high,,2,0
83448.888,Fib_0.639_daily,daily,2025-04-07,fibonacci,2025-04-02,2025-04-07,high_to_low,,2,0
83451.0,VP_val,daily,,volume_profile,,,,2025-03-29,2,0
83499.315,Fib_0.25_daily,daily,2025-04-15,fibonacci,2025-04-07,2025-04-15,low_to_high,,2,0
83555.0,VP_poc,daily,,volume_profile,,,,2025-04-12,2,0
83562.64,Fib_0.25_daily,daily,2025-02-28,fibonacci,2025-02-21,2025-02-28,high_to_low,,2,0
83618.49777,Fib_0.639_daily,daily,2025-04-07,fibonacci,2025-03-24,2025-04-07,high_to_low,,2,0
83619.0,VP_vah,daily,,volume_profile,,,,2025-04-01,2,0
83631.0,VP_poc,daily,,volume_profile,,,,2025-04-05,2,0
83643.99,HTF_Level_daily,daily,2025-04-16,htf,,,,,2,0
83659.32,Fib_0.50_daily,daily,2025-04-07,fibonacci,2025-03-06,2025-04-07,high_to_low,,2,0
83662.0,VP_poc,daily,,volume_profile,,,,2025-04-16,2,0
83680.12,HTF_Level_daily,daily,2025-03-13,htf,,,,,2,0
83698.0,VP_poc,daily,,volume_profile,,,,2025-03-04,2,0
83711.0,VP_vah,daily,,volume_profile,,,,2025-03-21,2,0
83728.38750000001,Fib_0.25_daily,daily,2025-02-28,fibonacci,2025-02-07,2025-02-28,high_to_low,,2,0
83760.0,HTF_Level_daily,daily,2025-04-14,htf,,,,,1,0
83802.51695,Fib_0.639_daily,daily,2025-03-18,fibonacci,2025-03-14,2025-03-18,high_to_low,,1,0
83816.0,VP_vah,daily,,volume_profile,,,,2025-03-28,1,0
83840.59,HTF_Level_daily,daily,2025-03-23,htf,,,,,1,0
83857.0,VP_val,daily,,volume_profile,,,,2025-03-17,1,0
83873.0,VP_poc,daily,,volume_profile,,,,2025-03-19,1,0
83874.0,VP_val,daily,,volume_profile,,,,2025-04-04,1,0
83876.0,Fib_0.75_daily,daily,2025-05-22,fibonacci,2025-04-07,2025-05-22,low_to_high,,1,0
83885.47428,Fib_0.639_daily,daily,2025-04-02,fibonacci,2025-03-31,2025-04-02,low_to_high,,1,0
83889.36796999999,Fib_0.639_daily,daily,2025-03-24,fibonacci,2025-03-18,2025-03-24,low_to_high,,1,0
83889.87,HTF_Level_daily,daily,2025-04-05,htf,,,,,1,0
83895.0,VP_val,daily,,volume_profile,,,,2025-04-03,1,0
83949.52,Fractal_Low,daily,2025-04-20,fractal,,,,,1,0
83957.83499999999,Fib_0.25_daily,daily,2025-04-16,fibonacci,2025-04-15,2025-04-16,high_to_low,,1,0
83977.0,VP_val,daily,,volume_profile,,,,2025-04-05,1,0
84010.02,HTF_Level_daily,daily,2025-03-18,htf,,,,,1,0
84011.0,VP_vah,daily,,volume_profile,,,,2025-03-15,1,0
84011.0,VP_val,daily,,volume_profile,,,,2025-03-16,1,0
84012.0,VP_vah,daily,,volume_profile,,,,2025-04-13,1,0
84013.0,VP_vah,daily,,volume_profile,,,,2025-03-22,1,0
84032.0,VP_vah,daily,,volume_profile,,,,2025-04-20,1,0
84068.86,Fib_0.25_daily,daily,2025-03-11,fibonacci,2025-01-30,2025-03-11,high_to_low,,1,0
84070.0,VP_val,daily,,volume_profile,,,,2025-04-11,1,0
84101.0,VP_poc,daily,,volume_profile,,,,2025-03-21,1,0
84120.0,VP_poc,daily,,volume_profile,,,,2025-02-26,1,0
84199.0,VP_vah,daily,,volume_profile,,,,2025-02-27,1,0
84200.0,VP_val,daily,,volume_profile,,,,2025-03-13,2,0
84204.0,VP_poc,daily,,volume_profile,,,,2025-03-14,2,0
84222.0,VP_poc,daily,,volume_profile,,,,2025-03-22,2,0
84234.5,Fib_0.25_daily,daily,2025-03-11,fibonacci,2025-01-24,2025-03-11,high_to_low,,2,0
84250.09,HTF_Level_daily,daily,2025-02-27,htf,,,,,3,0
84259.0,VP_vah,daily,,volume_profile,,,,2025-03-23,2,0
84265.94750000001,Fib_0.75_daily,daily,2025-03-18,fibonacci,2025-03-14,2025-03-18,high_to_low,,2,0
84294.16500000001,Fib_0.50_daily,daily,2025-03-20,fibonacci,2025-03-18,2025-03-20,low_to_high,,2,0
84300.0,VP_poc,daily,,volume_profile,,,,2025-03-15,2,0
84302.19428,Fib_0.639_daily,daily,2025-03-02,fibonacci,2025-02-28,2025-03-02,low_to_high,,2,0
84308.0,VP_vah,daily,,volume_profile,,,,2025-04-17,1,0
84320.0,VP_val,daily,,volume_profile,,,,2025-03-22,1,0
84327.66,Fib_0.75_daily,daily,2025-03-06,fibonacci,2025-03-04,2025-03-06,low_to_high,,1,0
84338.44,HTF_Level_daily,daily,2025-03-16,htf,,,,,0,1
84346.0,VP_val,daily,,volume_profile,,,,2025-04-16,0,1
84349.95,HTF_Level_daily,daily,2025-03-01,htf,,,,,0,2
84391.0,VP_vah,daily,,volume_profile,,,,2025-04-14,0,2
84397.0,VP_val,daily,,volume_profile,,,,2025-03-21,0,1
84420.0,VP_vah,daily,,volume_profile,,,,2025-03-20,0,1
84426.0,VP_vah,daily,,volume_profile,,,,2025-04-18,0,1
84474.7,HTF_Level_daily,daily,2025-04-19,htf,,,,,0,1
84477.0,VP_vah,daily,,volume_profile,,,,2025-03-01,0,1
84500.0,VP_val,daily,,volume_profile,,,,2025-03-15,0,1
84504.0,VP_vah,daily,,volume_profile,,,,2025-04-02,0,1
84524.0,VP_poc,daily,,volume_profile,,,,2025-04-13,0,1
84577.0,VP_vah,daily,,volume_profile,,,,2025-04-15,0,1
84591.58,HTF_Level_daily,daily,2025-04-15,htf,,,,,0,1
84599.0,VP_poc,daily,,volume_profile,,,,2025-04-18,0,1
84694.0,VP_poc,daily,,volume_profile,,,,2025-02-27,0,1
84708.32,Fib_0.50_daily,daily,2025-03-11,fibonacci,2025-03-06,2025-03-11,high_to_low,,0,1
84708.57,HTF_Level_daily,daily,2025-02-28,htf,,,,,0,2
84735.0,VP_poc,daily,,volume_profile,,,,2025-04-17,0,2
84738.0,VP_val,daily,,volume_profile,,,,2025-04-18,0,2
84741.7525,Fib_0.25_daily,daily,2025-03-20,fibonacci,2025-03-11,2025-03-20,low_to_high,,0,2
84754.0,Fib_0.50_daily,daily,2025-04-07,fibonacci,2025-03-02,2025-04-07,high_to_low,,0,2
84773.0,VP_poc,daily,,volume_profile,,,,2025-04-14,0,2
84804.03,Fib_0.50_daily,daily,2025-04-16,fibonacci,2025-04-15,2025-04-16,high_to_low,,0,2
84829.0,VP_poc,daily,,volume_profile,,,,2025-03-01,0,2
84851.5,Fib_0.25_daily,daily,2025-03-11,fibonacci,2025-01-20,2025-03-11,high_to_low,,0,2
84855.62,Fib_0.50_daily,daily,2025-04-03,fibonacci,2025-04-02,2025-04-03,high_to_low,,0,2
84875.0,Fib_0.25_daily,daily,2025-03-04,fibonacci,2025-03-02,2025-03-04,high_to_low,,0,1
84889.26000000001,Fib_0.50_daily,daily,2025-04-02,fibonacci,2025-03-31,2025-04-02,low_to_high,,0,1
84912.0,VP_vah,daily,,volume_profile,,,,2025-04-19,1,1
84947.92,HTF_Level_daily,daily,2025-04-18,htf,,,,,1,0
84950.0,VP_val,daily,,volume_profile,,,,2025-03-14,1,0
84950.045,Fib_0.50_daily,daily,2025-03-24,fibonacci,2025-03-18,2025-03-24,low_to_high,,1,0
84988.33499999999,Fib_0.50_daily,daily,2025-04-03,fibonacci,2025-03-24,2025-04-03,high_to_low,,0,1
85002.0,Fib_0.75_daily,daily,2025-04-07,fibonacci,2025-04-02,2025-04-07,high_to_low,,0,1
85011.0,VP_poc,daily,,volume_profile,,,,2025-03-23,0,1
85021.975,Fib_0.50_daily,daily,2025-03-31,fibonacci,2025-03-24,2025-03-31,high_to_low,,0,2
85050.0,VP_poc,daily,,volume_profile,,,,2025-03-28,0,2
85054.0,VP_val,daily,,volume_profile,,,,2025-04-12,0,2
85075.0,VP_vah,daily,,volume_profile,,,,2025-03-02,0,2
85096.0,VP_val,daily,,volume_profile,,,,2025-04-17,0,2
85110.0,VP_val,daily,,volume_profile,,,,2025-04-14,0,2
85120.0,VP_poc,daily,,volume_profile,,,,2025-04-01,0,2
85133.01999999999,Fib_0.50_daily,daily,2025-04-25,fibonacci,2025-04-07,2025-04-25,low_to_high,,0,2
85145.0,VP_poc,daily,,volume_profile,,,,2025-04-20,0,2
85158.35,HTF_Level_daily,daily,2025-04-02,htf,,,,,0,2
85201.0725,Fib_0.75_daily,daily,2025-04-07,fibonacci,2025-03-24,2025-04-07,high_to_low,,0,2
85220.0,VP_poc,daily,,volume_profile,,,,2025-04-19,0,2
85274.51441999999,Fib_0.639_daily,daily,2025-04-16,fibonacci,2025-04-15,2025-04-16,high_to_low,,0,1
85276.91,HTF_Level_daily,daily,2025-04-13,htf,,,,,0,1
85282.0,VP_val,daily,,volume_profile,,,,2025-03-19,0,1
85308.25,Fib_0.25_daily,daily,2025-02-28,fibonacci,2025-01-30,2025-02-28,high_to_low,,0,2
85309.71,Fractal_High,daily,2025-03-14,fractal,,,,,0,2
85321.0,VP_val,daily,,volume_profile,,,,2025-04-20,0,2
85355.0,VP_val,daily,,volume_profile,,,,2025-04-19,0,2
85468.0,VP_val,daily,,volume_profile,,,,2025-03-01,0,2
85473.89,Fib_0.25_daily,daily,2025-02-28,fibonacci,2025-01-24,2025-02-28,high_to_low,,0,2
85500.0,VP_val,daily,,volume_profile,,,,2025-04-01,0,1
85571.0,VP_val,daily,,volume_profile,,,,2025-04-13,1,1
85583.14104,Fib_0.639_daily,daily,2025-03-06,fibonacci,2025-03-04,2025-03-06,low_to_high,,1,1
85610.0,VP_val,daily,,volume_profile,,,,2025-03-28,1,1
85620.0,VP_val,daily,,volume_profile,,,,2025-03-09,1,1
85650.225,Fib_0.75_daily,daily,2025-04-16,fibonacci,2025-04-15,2025-04-16,high_to_low,,1,1
85658.0,VP_poc,daily,,volume_profile,,,,2025-04-15,1,1
85679.0,VP_val,daily,,volume_profile,,,,2025-03-23,1,0
85725.5725,Fib_0.25_daily,daily,2025-03-24,fibonacci,2025-03-11,2025-03-24,low_to_high,,1,0
85803.0,Fib_0.50_daily,daily,2025-03-11,fibonacci,2025-03-02,2025-03-11,high_to_low,,1,1
85811.43345,Fib_0.639_daily,daily,2025-05-12,fibonacci,2025-04-07,2025-05-12,low_to_high,,1,1
85819.0,VP_poc,daily,,volume_profile,,,,2025-03-20,1,1
85868.75764,Fib_0.639_daily,daily,2025-04-03,fibonacci,2025-04-02,2025-04-03,high_to_low,,1,1
85873.9175,Fib_0.25_daily,daily,2025-03-20,fibonacci,2025-03-18,2025-03-20,low_to_high,,1,0
85890.0,VP_vah,daily,,volume_profile,,,,2025-03-08,0,0
85895.0,VP_val,daily,,volume_profile,,,,2025-03-04,0,0
85990.0,VP_poc,daily,,volume_profile,,,,2025-03-02,0,0
86000.0,VP_val,daily,,volume_profile,,,,2025-04-15,0,0
86038.36740999999,Fib_0.639_daily,daily,2025-04-03,fibonacci,2025-03-24,2025-04-03,high_to_low,,0,1
86062.65549,Fib_0.639_daily,daily,2025-03-31,fibonacci,2025-03-24,2025-03-31,high_to_low,,0,2
86090.89,Fib_0.25_daily,daily,2025-02-28,fibonacci,2025-01-20,2025-02-28,high_to_low,,0,4
86201.84,Fib_0.50_daily,daily,2025-05-02,fibonacci,2025-04-07,2025-05-02,low_to_high,,0,2
86203.38696,Fib_0.639_daily,daily,2025-04-07,fibonacci,2025-03-06,2025-04-07,high_to_low,,0,2
86221.16,HTF_Level_daily,daily,2025-03-04,htf,,,,,0,2
86258.0,VP_val,daily,,volume_profile,,,,2025-02-27,0,2
86270.0,VP_poc,daily,,volume_profile,,,,2025-03-08,0,2
86273.23999999999,Fib_0.75_daily,daily,2025-04-25,fibonacci,2025-04-16,2025-04-25,low_to_high,,0,2
86463.0,VP_val,daily,,volume_profile,,,,2025-03-08,0,2
86477.0,VP_vah,daily,,volume_profile,,,,2025-03-26,0,2
86496.42,Fractal_High,daily,2025-04-15,fractal,,,,,0,2
86511.0,VP_vah,daily,,volume_profile,,,,2025-02-25,0,2
86532.0,VP_val,daily,,volume_profile,,,,2025-03-20,0,2
86539.0,VP_vah,daily,,volume_profile,,,,2025-03-07,0,2
86590.0,VP_poc,daily,,volume_profile,,,,2025-04-02,0,0
86629.26000000001,Fib_0.50_daily,daily,2025-03-02,fibonacci,2025-02-28,2025-03-02,low_to_high,,0,1
86677.81,Fib_0.75_daily,daily,2025-04-03,fibonacci,2025-04-02,2025-04-03,high_to_low,,0,1
86694.63,Fib_0.25_daily,daily,2025-04-02,fibonacci,2025-03-31,2025-04-02,low_to_high,,0,1
86754.0,VP_vah,daily,,volume_profile,,,,2025-04-21,0,1
86796.0,VP_poc,daily,,volume_profile,,,,2025-03-26,0,1
86799.0,VP_vah,daily,,volume_profile,,,,2025-03-27,0,1
86807.65,Fib_0.75_daily,daily,2025-05-02,fibonacci,2025-04-16,2025-05-02,low_to_high,,0,1
86845.93,HTF_Level_daily,daily,2025-03-20,htf,,,,,0,1
86857.73749999999,Fib_0.25_daily,daily,2025-03-24,fibonacci,2025-03-18,2025-03-24,low_to_high,,0,1
86876.88249999999,Fib_0.75_daily,daily,2025-04-03,fibonacci,2025-03-24,2025-04-03,high_to_low,,0,1
86893.7025,Fib_0.75_daily,daily,2025-03-31,fibonacci,2025-03-24,2025-03-31,high_to_low,,0,1
86901.65,Fib_0.75_daily,daily,2025-04-25,fibonacci,2025-04-20,2025-04-25,low_to_high,,0,1
86909.17,HTF_Level_daily,daily,2025-03-27,htf,,,,,0,1
86960.76496,Fib_0.639_daily,daily,2025-03-11,fibonacci,2025-03-06,2025-03-11,high_to_low,,0,1
86991.5,Fib_0.50_daily,daily,2025-04-07,fibonacci,2025-02-21,2025-04-07,high_to_low,,0,1
87065.0,VP_vah,daily,,volume_profile,,,,2025-03-25,0,1
87153.0,VP_vah,daily,,volume_profile,,,,2025-03-24,0,1
87155.32,Fib_0.50_daily,daily,2025-03-06,fibonacci,2025-03-04,2025-03-06,low_to_high,,0,1
87232.01,HTF_Level_daily,daily,2025-03-28,htf,,,,,0,1
87310.0,VP_poc,daily,,volume_profile,,,,2025-03-27,0,1
87322.995,Fib_0.50_daily,daily,2025-04-07,fibonacci,2025-02-07,2025-04-07,high_to_low,,0,1
87333.0,VP_val,daily,,volume_profile,,,,2025-04-02,0,1
87370.0,VP_poc,daily,,volume_profile,,,,2025-04-21,0,1
87436.06,Fib_0.75_daily,daily,2025-05-02,fibonacci,2025-04-20,2025-05-02,low_to_high,,0,1
87453.67,Fractal_High,daily,2025-03-20,fractal,,,,,0,1
87467.0,VP_vah,daily,,volume_profile,,,,2025-03-03,0,1
87498.16,HTF_Level_daily,daily,2025-03-25,htf,,,,,0,1
87548.0,VP_val,daily,,volume_profile,,,,2025-03-27,0,1
87575.0,VP_val,daily,,volume_profile,,,,2025-02-26,0,1
87602.388,Fib_0.639_daily,daily,2025-04-07,fibonacci,2025-03-02,2025-04-07,high_to_low,,0,1
87676.9904,Fib_0.639_daily,daily,2025-04-25,fibonacci,2025-04-16,2025-04-25,low_to_high,,0,1
87696.0,VP_val,daily,,volume_profile,,,,2025-04-21,0,1
87785.0,VP_val,daily,,volume_profile,,,,2025-03-26,0,1
87817.0,VP_poc,daily,,volume_profile,,,,2025-03-25,0,1
87826.0,VP_vah,daily,,volume_profile,,,,2025-04-22,0,1
88020.0,VP_vah,daily,,volume_profile,,,,2025-03-05,0,0
88035.39199999999,Fib_0.639_daily,daily,2025-05-22,fibonacci,2025-04-07,2025-05-22,low_to_high,,0,0
88040.5,Fib_0.50_daily,daily,2025-03-11,fibonacci,2025-02-21,2025-03-11,high_to_low,,0,1
88123.0,VP_poc,daily,,volume_profile,,,,2025-03-24,0,1
88212.39572,Fib_0.639_daily,daily,2025-04-25,fibonacci,2025-04-20,2025-04-25,low_to_high,,0,1
88228.0,VP_val,daily,,volume_profile,,,,2025-03-25,0,1
88234.98,Fib_0.75_daily,daily,2025-04-07,fibonacci,2025-03-06,2025-04-07,high_to_low,,0,1
88250.0,Fib_0.50_daily,daily,2025-03-04,fibonacci,2025-03-02,2025-03-04,high_to_low,,0,2
88358.0,VP_poc,daily,,volume_profile,,,,2025-03-07,0,2
88359.766,Fib_0.639_daily,daily,2025-03-11,fibonacci,2025-03-02,2025-03-11,high_to_low,,0,2
88371.995,Fib_0.50_daily,daily,2025-03-11,fibonacci,2025-02-07,2025-03-11,high_to_low,,0,2
88448.67843999999,Fib_0.639_daily,daily,2025-05-02,fibonacci,2025-04-16,2025-05-02,low_to_high,,0,2
88482.0,VP_poc,daily,,volume_profile,,,,2025-04-22,0,2
88487.0,VP_val,daily,,volume_profile,,,,2025-03-24,0,2
88500.0,Fractal_High,daily,2025-04-02,fractal,,,,,0,1
88759.48,Fib_0.75_daily,daily,2025-03-11,fibonacci,2025-03-06,2025-03-11,high_to_low,,0,1
88765.43,Fractal_High,daily,2025-03-24,fractal,,,,,0,1
88788.5925,Fib_0.75_daily,daily,2025-05-12,fibonacci,2025-04-16,2025-05-12,low_to_high,,0,0
88864.0,VP_vah,daily,,volume_profile,,,,2025-03-06,0,0
88866.76000000001,Fib_0.50_daily,daily,2025-02-28,fibonacci,2025-02-21,2025-02-28,high_to_low,,0,1
88984.08376,Fib_0.639_daily,daily,2025-05-02,fibonacci,2025-04-20,2025-05-02,low_to_high,,0,1
89012.0,VP_poc,daily,,volume_profile,,,,2025-02-25,0,1
89198.255,Fib_0.50_daily,daily,2025-02-28,fibonacci,2025-02-07,2025-02-28,high_to_low,,0,1
89256.69,Fractal_Low,daily,2025-01-13,fractal,,,,,1,1
89417.0025,Fib_0.75_daily,daily,2025-05-12,fibonacci,2025-04-20,2025-05-12,low_to_high,,0,1
89434.84,Fib_0.50_daily,daily,2025-04-25,fibonacci,2025-04-16,2025-04-25,low_to_high,,0,1
89445.0,VP_val,daily,,volume_profile,,,,2025-03-07,0,1
89598.0,VP_val,daily,,volume_profile,,,,2025-02-25,0,1
89814.0,VP_poc,daily,,volume_profile,,,,2025-03-05,0,1
89853.78,Fib_0.50_daily,daily,2025-04-25,fibonacci,2025-04-20,2025-04-25,low_to_high,,0,1
89877.0,Fib_0.75_daily,daily,2025-04-07,fibonacci,2025-03-02,2025-04-07,high_to_low,,0,1
89982.98,Fib_0.25_daily,daily,2025-03-06,fibonacci,2025-03-04,2025-03-06,low_to_high,,0,1
90046.0,VP_poc,daily,,volume_profile,,,,2025-03-06,0,1
90126.5,Fib_0.639_daily,daily,2025-03-04,fibonacci,2025-03-02,2025-03-04,high_to_low,,0,1
90163.725,Fib_0.50_daily,daily,2025-05-12,fibonacci,2025-04-07,2025-05-12,low_to_high,,0,1
90300.0,VP_vah,daily,,volume_profile,,,,2025-01-13,0,0
90328.73,Fib_0.75_daily,daily,2025-05-22,fibonacci,2025-04-16,2025-05-22,low_to_high,,0,0
90401.5,Fib_0.75_daily,daily,2025-03-11,fibonacci,2025-03-02,2025-03-11,high_to_low,,0,1
90445.53,Fib_0.25_daily,daily,2025-04-25,fibonacci,2025-04-07,2025-04-25,low_to_high,,0,1
90461.913,Fib_0.639_daily,daily,2025-04-07,fibonacci,2025-02-21,2025-04-07,high_to_low,,0,1
90482.72,Fib_0.50_daily,daily,2025-04-07,fibonacci,2025-01-30,2025-04-07,high_to_low,,0,1
90503.66,Fib_0.50_daily,daily,2025-05-02,fibonacci,2025-04-16,2025-05-02,low_to_high,,0,0
90606.0,HTF_Level_daily,daily,2025-03-06,htf,,,,,0,1
90660.0,VP_val,daily,,volume_profile,,,,2025-03-05,1,1
90814.0,Fib_0.50_daily,daily,2025-04-07,fibonacci,2025-01-24,2025-04-07,high_to_low,,1,1
90814.63,Fib_0.25_daily,daily,2025-03-02,fibonacci,2025-02-28,2025-03-02,low_to_high,,1,1
90885.56361,Fib_0.639_daily,daily,2025-04-07,fibonacci,2025-02-07,2025-04-07,high_to_low,,0,1
90922.6,Fib_0.50_daily,daily,2025-05-02,fibonacci,2025-04-20,2025-05-02,low_to_high,,0,1
90957.14,Fib_0.75_daily,daily,2025-05-22,fibonacci,2025-04-20,2025-05-22,low_to_high,,0,1
91203.67,Fractal_Low,daily,2025-01-09,fractal,,,,,1,1
91219.291,Fib_0.639_daily,daily,2025-03-11,fibonacci,2025-02-21,2025-03-11,high_to_low,,0,1
91231.0,Fractal_Low,daily,2025-02-03,fractal,,,,,1,1
91309.15941,Fib_0.639_daily,daily,2025-05-12,fibonacci,2025-04-16,2025-05-12,low_to_high,,0,1
91501.0,VP_val,daily,,volume_profile,,,,2025-04-22,1,1
91531.72,Fib_0.50_daily,daily,2025-03-11,fibonacci,2025-01-30,2025-03-11,high_to_low,,1,1
91600.0,VP_poc,daily,,volume_profile,,,,2025-01-13,1,1
91625.0,Fib_0.75_daily,daily,2025-03-04,fibonacci,2025-03-02,2025-03-04,high_to_low,,1,1
91642.94161,Fib_0.639_daily,daily,2025-03-11,fibonacci,2025-02-07,2025-03-11,high_to_low,,1,1
91684.0,VP_vah,daily,,volume_profile,,,,2025-02-03,1,1
91800.0,VP_vah,daily,,volume_profile,,,,2025-01-09,1,1
91815.85072,Fib_0.639_daily,daily,2025-02-28,fibonacci,2025-02-21,2025-02-28,high_to_low,,1,1
91844.56473,Fib_0.639_daily,daily,2025-05-12,fibonacci,2025-04-20,2025-05-12,low_to_high,,1,1
91863.0,Fib_0.50_daily,daily,2025-03-11,fibonacci,2025-01-24,2025-03-11,high_to_low,,1,1
92000.0,VP_val,daily,,volume_profile,,,,2025-03-06,1,0
92048.0,Fib_0.50_daily,daily,2025-04-07,fibonacci,2025-01-20,2025-04-07,high_to_low,,1,0
92048.76,Fib_0.25_daily,daily,2025-05-02,fibonacci,2025-04-07,2025-05-02,low_to_high,,1,0
92239.50133,Fib_0.639_daily,daily,2025-02-28,fibonacci,2025-02-07,2025-02-28,high_to_low,,2,0
92357.98,Fib_0.50_daily,daily,2025-02-28,fibonacci,2025-01-30,2025-02-28,high_to_low,,2,0
92552.49,HTF_Level_daily,daily,2025-01-10,htf,,,,,2,0
92586.0,VP_vah,daily,,volume_profile,,,,2025-04-24,1,0
92596.44,Fib_0.25_daily,daily,2025-04-25,fibonacci,2025-04-16,2025-04-25,low_to_high,,1,0
92623.6125,Fib_0.25_daily,daily,2025-01-13,fibonacci,2025-01-07,2025-01-13,high_to_low,,1,0
92689.26,Fib_0.50_daily,daily,2025-02-28,fibonacci,2025-01-24,2025-02-28,high_to_low,,0,1
92800.01,Fractal_Low,daily,2025-04-28,fractal,,,,,0,1
92805.91,Fib_0.25_daily,daily,2025-04-25,fibonacci,2025-04-20,2025-04-25,low_to_high,,0,1
92810.64,Fractal_High,daily,2025-03-06,fractal,,,,,0,1
92872.0,VP_vah,daily,,volume_profile,,,,2025-04-23,0,1
92882.0,VP_poc,daily,,volume_profile,,,,2025-03-03,0,1
93097.0,Fib_0.50_daily,daily,2025-03-11,fibonacci,2025-01-20,2025-03-11,high_to_low,,0,1
93224.0,VP_poc,daily,,volume_profile,,,,2025-01-09,0,1
93233.25,Fib_0.75_daily,daily,2025-04-07,fibonacci,2025-02-21,2025-04-07,high_to_low,,0,1
93244.0,Fib_0.50_daily,daily,2025-05-22,fibonacci,2025-04-07,2025-05-22,low_to_high,,0,1
93284.0,VP_vah,daily,,volume_profile,,,,2025-01-01,0,1
93358.0,VP_val,daily,,volume_profile,,,,2025-03-02,0,1
93373.0,VP_poc,daily,,volume_profile,,,,2025-04-24,0,1
93377.0,Fractal_Low,daily,2025-05-06,fractal,,,,,0,1
93388.09,Fractal_Low,daily,2025-02-18,fractal,,,,,1,1
93435.0,VP_val,daily,,volume_profile,,,,2025-01-13,1,1
93448.0,VP_vah,daily,,volume_profile,,,,2025-01-10,1,1
93457.7475,Fib_0.75_daily,daily,2025-02-07,fibonacci,2025-02-03,2025-02-07,low_to_high,,1,1
93533.11796,Fib_0.639_daily,daily,2025-05-22,fibonacci,2025-04-16,2025-05-22,low_to_high,,1,1
93539.5175,Fib_0.25_daily,daily,2025-04-28,fibonacci,2025-04-25,2025-04-28,high_to_low,,1,1
93618.0,VP_vah,daily,,volume_profile,,,,2025-02-24,1,1
93621.0,VP_poc,daily,,volume_profile,,,,2025-04-23,1,1
93621.0,VP_vah,daily,,volume_profile,,,,2025-05-06,1,1
93659.0,VP_vah,daily,,volume_profile,,,,2025-04-30,1,1
93671.0,VP_poc,daily,,volume_profile,,,,2025-01-01,1,1
93698.0,VP_vah,daily,,volume_profile,,,,2025-04-27,1,1
93721.0,VP_val,daily,,volume_profile,,,,2025-03-03,1,1
93730.4925,Fib_0.75_daily,daily,2025-04-07,fibonacci,2025-02-07,2025-04-07,high_to_low,,1,1
93749.29,HTF_Level_daily,daily,2025-04-28,htf,,,,,1,1
93757.75,Fib_0.75_daily,daily,2025-03-11,fibonacci,2025-02-21,2025-03-11,high_to_low,,1,1
93850.0,VP_vah,daily,,volume_profile,,,,2025-04-28,1,1
93852.0,VP_vah,daily,,volume_profile,,,,2025-04-25,1,1
93885.0,VP_val,daily,,volume_profile,,,,2025-04-23,1,1
93888.0,VP_vah,daily,,volume_profile,,,,2025-05-05,1,1
93907.0,VP_vah,daily,,volume_profile,,,,2025-01-08,1,1
93923.26,Fib_0.50_daily,daily,2025-02-28,fibonacci,2025-01-20,2025-02-28,high_to_low,,1,1
93935.0,VP_val,daily,,volume_profile,,,,2025-01-09,1,1
93991.0,VP_vah,daily,,volume_profile,,,,2025-04-26,1,1
94005.0,VP_val,daily,,volume_profile,,,,2025-04-24,1,1
94050.0,VP_poc,daily,,volume_profile,,,,2025-04-27,1,1
94068.52328,Fib_0.639_daily,daily,2025-05-22,fibonacci,2025-04-20,2025-05-22,low_to_high,,1,0
94072.0,VP_vah,daily,,volume_profile,,,,2025-01-12,1,0
94073.9275,Fib_0.75_daily,daily,2025-05-02,fibonacci,2025-04-28,2025-05-02,low_to_high,,1,0
94083.8475,Fib_0.25_daily,daily,2025-01-09,fibonacci,2025-01-07,2025-01-09,high_to_low,,2,0
94088.23,Fractal_Low,daily,2025-02-12,fractal,,,,,1,0
94170.88,Fib_0.75_daily,daily,2025-02-28,fibonacci,2025-02-21,2025-02-28,high_to_low,,1,0
94172.0,HTF_Level_daily,daily,2025-05-01,htf,,,,,1,0
94180.0,VP_vah,daily,,volume_profile,,,,2025-01-11,1,0
94199.67,Fib_0.25_daily,daily,2025-05-02,fibonacci,2025-04-16,2025-05-02,low_to_high,,1,0
94222.0,VP_poc,daily,,volume_profile,,,,2025-04-26,1,0
94242.0,VP_poc,daily,,volume_profile,,,,2025-05-05,1,0
94254.9925,Fib_0.75_daily,daily,2025-03-11,fibonacci,2025-02-07,2025-03-11,high_to_low,,1,0
94269.99,HTF_Level_daily,daily,2025-03-03,htf,,,,,1,0
94277.61,HTF_Level_daily,daily,2025-05-05,htf,,,,,1,0
94279.025,Fib_0.50_daily,daily,2025-04-28,fibonacci,2025-04-25,2025-04-28,high_to_low,,1,0
94339.5175,Fib_0.75_daily,daily,2025-01-20,fibonacci,2025-01-13,2025-01-20,low_to_high,,1,0
94351.0,VP_poc,daily,,volume_profile,,,,2025-05-06,1,0
94409.14,Fib_0.25_daily,daily,2025-05-02,fibonacci,2025-04-20,2025-05-02,low_to_high,,2,0
94416.0,VP_val,daily,,volume_profile,,,,2025-04-27,2,0
94446.42339,Fib_0.639_daily,daily,2025-02-07,fibonacci,2025-02-03,2025-02-07,low_to_high,,2,0
94465.545,Fib_0.50_daily,daily,2025-05-12,fibonacci,2025-04-16,2025-05-12,low_to_high,,2,0
94500.0,VP_poc,daily,,volume_profile,,,,2025-01-12,2,0
94500.0,VP_vah,daily,,volume_profile,,,,2025-02-12,2,0
94506.67,Fib_0.25_daily,daily,2025-05-06,fibonacci,2025-05-02,2025-05-06,high_to_low,,2,0
94528.0,VP_poc,daily,,volume_profile,,,,2025-04-30,2,0
94532.0,VP_vah,daily,,volume_profile,,,,2025-04-29,2,0
94536.11,HTF_Level_daily,daily,2025-01-14,htf,,,,,2,0
94576.0,VP_poc,daily,,volume_profile,,,,2025-01-11,1,0
94609.0,VP_val,daily,,volume_profile,,,,2025-01-01,1,0
94638.68,HTF_Level_daily,daily,2025-04-26,htf,,,,,1,0
94639.54687,Fib_0.639_daily,daily,2025-05-02,fibonacci,2025-04-28,2025-05-02,low_to_high,,1,0
94657.0,VP_poc,daily,,volume_profile,,,,2025-01-10,1,0
94666.0,VP_val,daily,,volume_profile,,,,2025-05-05,1,0
94668.1225,Fib_0.75_daily,daily,2025-02-28,fibonacci,2025-02-07,2025-02-28,high_to_low,,1,0
94672.0,VP_vah,daily,,volume_profile,,,,2025-02-18,1,0
94688.0,VP_val,daily,,volume_profile,,,,2025-01-11,1,0
94690.19117,Fib_0.639_daily,daily,2025-04-28,fibonacci,2025-04-25,2025-04-28,high_to_low,,1,0
94713.0,Fractal_Low,daily,2025-02-09,fractal,,,,,1,0
94726.1,HTF_Level_daily,daily,2025-01-11,htf,,,,,1,1
94728.0,VP_val,daily,,volume_profile,,,,2025-04-26,1,1
94747.5675,Fib_0.25_daily,daily,2025-02-18,fibonacci,2025-02-14,2025-02-18,high_to_low,,1,1
94793.0,VP_poc,daily,,volume_profile,,,,2025-04-28,1,0
94829.0,VP_poc,daily,,volume_profile,,,,2025-04-29,1,0
94871.95,Fractal_Low,daily,2025-02-21,fractal,,,,,1,0
94879.0,VP_poc,daily,,volume_profile,,,,2025-04-25,1,0
94884.485,Fib_0.50_daily,daily,2025-05-12,fibonacci,2025-04-20,2025-05-12,low_to_high,,1,0
94909.8175,Fib_0.75_daily,daily,2025-02-21,fibonacci,2025-02-18,2025-02-21,low_to_high,,1,0
94923.69216,Fib_0.639_daily,daily,2025-04-07,fibonacci,2025-01-30,2025-04-07,high_to_low,,1,0
94926.0,VP_val,daily,,volume_profile,,,,2025-04-30,1,0
95000.0,Fractal_High,daily,2025-03-02,fractal,,,,,1,0
95011.18,HTF_Level_daily,daily,2025-04-29,htf,,,,,1,0
95018.5325,Fib_0.75_daily,daily,2025-04-28,fibonacci,2025-04-25,2025-04-28,high_to_low,,1,0
95037.61,Fib_0.25_daily,daily,2025-02-03,fibonacci,2025-01-30,2025-02-03,high_to_low,,1,0
95056.0,VP_val,daily,,volume_profile,,,,2025-01-12,1,0
95075.565,Fib_0.25_daily,daily,2025-02-18,fibonacci,2025-02-07,2025-02-18,high_to_low,,1,0
95117.0,VP_val,daily,,volume_profile,,,,2025-01-10,1,0
95157.0,VP_val,daily,,volume_profile,,,,2025-05-06,1,0
95185.7775,Fib_0.25_daily,daily,2025-02-12,fibonacci,2025-02-11,2025-02-12,high_to_low,,1,0
95203.25,Fib_0.25_daily,daily,2025-02-03,fibonacci,2025-01-24,2025-02-03,high_to_low,,1,0
95222.0,VP_poc,daily,,volume_profile,,,,2025-02-03,1,0
95259.0,VP_poc,daily,,volume_profile,,,,2025-01-08,1,0
95272.6725,Fib_0.75_daily,daily,2025-02-14,fibonacci,2025-02-12,2025-02-14,low_to_high,,1,0
95287.0,VP_vah,daily,,volume_profile,,,,2025-05-04,1,0
95326.0,VP_val,daily,,volume_profile,,,,2025-04-28,1,0
95347.068,Fib_0.639_daily,daily,2025-04-07,fibonacci,2025-01-24,2025-04-07,high_to_low,,1,0
95347.845,Fib_0.50_daily,daily,2025-05-02,fibonacci,2025-04-28,2025-05-02,low_to_high,,1,0
95367.0,VP_val,daily,,volume_profile,,,,2025-04-29,1,0
95414.0,VP_vah,daily,,volume_profile,,,,2025-02-23,1,0
95441.0,VP_poc,daily,,volume_profile,,,,2025-05-04,1,0
95467.0,VP_vah,daily,,volume_profile,,,,2025-02-13,1,0
95536.0,VP_vah,daily,,volume_profile,,,,2025-02-19,1,0
95567.0,VP_poc,daily,,volume_profile,,,,2025-02-18,1,0
95585.46451,Fib_0.639_daily,daily,2025-02-21,fibonacci,2025-02-18,2025-02-21,low_to_high,,1,0
95600.67,Fib_0.25_daily,daily,2025-02-12,fibonacci,2025-02-07,2025-02-12,high_to_low,,1,0
95630.0,Fractal_High,daily,2025-04-28,fractal,,,,,1,0
95636.34,Fib_0.50_daily,daily,2025-05-06,fibonacci,2025-05-02,2025-05-06,high_to_low,,1,0
95654.355,Fib_0.75_daily,daily,2025-02-11,fibonacci,2025-02-09,2025-02-11,low_to_high,,1,0
95671.74,HTF_Level_daily,daily,2025-02-19,htf,,,,,1,0
95672.0,VP_vah,daily,,volume_profile,,,,2025-01-14,1,0
95680.0,VP_vah,daily,,volume_profile,,,,2025-05-01,1,0
95681.07016,Fib_0.639_daily,daily,2025-03-11,fibonacci,2025-01-30,2025-03-11,high_to_low,,1,0
95683.0,VP_val,daily,,volume_profile,,,,2025-04-25,1,0
95684.495,Fib_0.50_daily,daily,2025-02-07,fibonacci,2025-02-03,2025-02-07,low_to_high,,1,0
95689.0,VP_vah,daily,,volume_profile,,,,2025-02-17,1,0
95721.0,VP_poc,daily,,volume_profile,,,,2025-02-23,1,0
95758.04,Fractal_High,daily,2025-04-25,fractal,,,,,1,0
95763.0,VP_poc,daily,,volume_profile,,,,2025-02-24,1,0
95778.21,HTF_Level_daily,daily,2025-02-12,htf,,,,,1,0
95798.56497,Fib_0.639_daily,daily,2025-02-14,fibonacci,2025-02-12,2025-02-14,low_to_high,,1,0
95800.0,VP_vah,daily,,volume_profile,,,,2025-02-09,1,0
95820.25,Fib_0.25_daily,daily,2025-02-03,fibonacci,2025-01-20,2025-02-03,high_to_low,,1,0
95888.0,VP_vah,daily,,volume_profile,,,,2025-02-06,0,0
95901.0,VP_poc,daily,,volume_profile,,,,2025-02-13,0,0
95938.0,VP_vah,daily,,volume_profile,,,,2025-05-03,0,0
95950.0,VP_vah,daily,,volume_profile,,,,2025-02-08,0,0
95983.0,VP_vah,daily,,volume_profile,,,,2025-01-02,0,0
95990.535,Fib_0.50_daily,daily,2025-01-13,fibonacci,2025-01-07,2025-01-13,high_to_low,,0,1
96048.0,VP_poc,daily,,volume_profile,,,,2025-02-12,0,1
96052.0,VP_val,daily,,volume_profile,,,,2025-01-08,0,1
96054.87,Fib_0.75_daily,daily,2025-05-12,fibonacci,2025-04-28,2025-05-12,low_to_high,,0,1
96058.0,VP_vah,daily,,volume_profile,,,,2025-02-11,0,1
96069.2475,Fib_0.25_daily,daily,2025-02-09,fibonacci,2025-02-07,2025-02-09,high_to_low,,0,1
96072.31662,Fib_0.639_daily,daily,2025-02-11,fibonacci,2025-02-09,2025-02-11,low_to_high,,0,1
96079.0,VP_val,daily,,volume_profile,,,,2025-05-04,0,1
96104.446,Fib_0.639_daily,daily,2025-03-11,fibonacci,2025-01-24,2025-03-11,high_to_low,,0,1
96107.045,Fib_0.50_daily,daily,2025-02-18,fibonacci,2025-02-14,2025-02-18,high_to_low,,0,1
96108.0,VP_vah,daily,,volume_profile,,,,2025-01-03,0,1
96132.0,VP_poc,daily,,volume_profile,,,,2025-02-08,0,1
96181.99,HTF_Level_daily,daily,2025-02-22,htf,,,,,0,1
96205.0,VP_poc,daily,,volume_profile,,,,2025-02-19,0,1
96254.0,VP_poc,daily,,volume_profile,,,,2025-02-17,0,1
96264.43652,Fib_0.639_daily,daily,2025-05-06,fibonacci,2025-05-02,2025-05-06,high_to_low,,0,1
96277.62988,Fib_0.639_daily,daily,2025-02-28,fibonacci,2025-01-30,2025-02-28,high_to_low,,0,1
96283.325,Fib_0.50_daily,daily,2025-02-12,fibonacci,2025-02-11,2025-02-12,high_to_low,,0,1
96299.0,VP_val,daily,,volume_profile,,,,2025-02-23,0,1
96301.0,VP_val,daily,,volume_profile,,,,2025-02-18,0,1
96303.0,VP_vah,daily,,volume_profile,,,,2025-02-22,0,1
96326.0,VP_poc,daily,,volume_profile,,,,2025-05-03,0,1
96334.0,VP_val,daily,,volume_profile,,,,2025-02-24,0,1
96410.0,VP_vah,daily,,volume_profile,,,,2025-02-07,0,1
96412.0,VP_vah,daily,,volume_profile,,,,2025-02-16,0,1
96431.545,Fib_0.50_daily,daily,2025-02-21,fibonacci,2025-02-18,2025-02-21,low_to_high,,0,1
96444.75,HTF_Level_daily,daily,2025-02-09,htf,,,,,0,1
96457.115,Fib_0.50_daily,daily,2025-02-14,fibonacci,2025-02-12,2025-02-14,low_to_high,,0,1
96460.0,VP_val,daily,,volume_profile,,,,2025-05-03,0,1
96462.0,VP_vah,daily,,volume_profile,,,,2025-05-07,0,1
96480.0,VP_val,daily,,volume_profile,,,,2025-02-13,0,1
96486.0,VP_val,daily,,volume_profile,,,,2025-02-19,0,1
96487.6125,Fib_0.75_daily,daily,2025-05-12,fibonacci,2025-05-06,2025-05-12,low_to_high,,0,1
96489.0,VP_vah,daily,,volume_profile,,,,2025-02-14,0,1
96510.0,VP_poc,daily,,volume_profile,,,,2025-02-09,0,1
96511.0,VP_val,daily,,volume_profile,,,,2025-02-17,0,1
96527.0,VP_poc,daily,,volume_profile,,,,2025-02-22,0,1
96551.01,HTF_Level_daily,daily,2025-02-23,htf,,,,,0,1
96557.0,VP_val,daily,,volume_profile,,,,2025-02-08,0,1
96579.0,VP_poc,daily,,volume_profile,,,,2025-01-14,0,1
96579.0,VP_vah,daily,,volume_profile,,,,2025-05-02,0,1
96595.71,Fib_0.50_daily,daily,2025-02-11,fibonacci,2025-02-09,2025-02-11,low_to_high,,0,1
96596.29291,Fib_0.639_daily,daily,2025-01-20,fibonacci,2025-01-13,2025-01-20,low_to_high,,0,1
96608.13,HTF_Level_daily,daily,2025-02-14,htf,,,,,0,1
96621.7625,Fib_0.25_daily,daily,2025-05-02,fibonacci,2025-04-28,2025-05-02,low_to_high,,0,1
96640.0,VP_poc,daily,,volume_profile,,,,2025-02-06,0,1
96700.0,VP_val,daily,,volume_profile,,,,2025-02-22,0,1
96701.00572,Fib_0.639_daily,daily,2025-02-28,fibonacci,2025-01-24,2025-02-28,high_to_low,,0,1
96708.0,VP_vah,daily,,volume_profile,,,,2025-02-21,0,1
96763.04,Fib_0.50_daily,daily,2025-02-18,fibonacci,2025-02-07,2025-02-18,high_to_low,,0,1
96766.01,Fib_0.75_daily,daily,2025-05-06,fibonacci,2025-05-02,2025-05-06,high_to_low,,0,1
96782.0,VP_vah,daily,,volume_profile,,,,2025-02-20,0,1
96797.0,VP_poc,daily,,volume_profile,,,,2025-01-02,0,1
96797.0,VP_poc,daily,,volume_profile,,,,2025-01-03,0,1
96831.0,VP_poc,daily,,volume_profile,,,,2025-02-14,0,1
96854.0,VP_poc,daily,,volume_profile,,,,2025-05-01,0,1
96862.91449,Fib_0.639_daily,daily,2025-02-18,fibonacci,2025-02-14,2025-02-18,high_to_low,,0,1
96876.0,VP_poc,daily,,volume_profile,,,,2025-05-07,0,1
96884.0,VP_vah,daily,,volume_profile,,,,2025-02-10,0,1
96886.0,VP_poc,daily,,volume_profile,,,,2025-05-02,0,1
96887.13,HTF_Level_daily,daily,2025-05-03,htf,,,,,0,1
96893.56141,Fib_0.639_daily,daily,2025-02-12,fibonacci,2025-02-11,2025-02-12,high_to_low,,0,1
96921.0,VP_val,daily,,volume_profile,,,,2025-02-12,0,1
96924.12,Fib_0.639_daily,daily,2025-04-07,fibonacci,2025-01-20,2025-04-07,high_to_low,,0,1
96931.0,VP_poc,daily,,volume_profile,,,,2025-02-16,0,1
96964.025,Fib_0.50_daily,daily,2025-01-09,fibonacci,2025-01-07,2025-01-09,high_to_low,,0,1
96985.0,VP_val,daily,,volume_profile,,,,2025-02-09,0,1
97109.0,VP_vah,daily,,volume_profile,,,,2025-02-05,0,1
97113.11,Fib_0.50_daily,daily,2025-02-12,fibonacci,2025-02-07,2025-02-12,high_to_low,,0,1
97194.0,VP_val,daily,,volume_profile,,,,2025-01-14,0,1
97203.0,VP_vah,daily,,volume_profile,,,,2025-01-07,0,1
97208.0,VP_poc,daily,,volume_profile,,,,2025-02-20,0,1
97220.0,VP_vah,daily,,volume_profile,,,,2025-02-02,0,1
97243.0,VP_val,daily,,volume_profile,,,,2025-05-02,0,1
97316.0,VP_val,daily,,volume_profile,,,,2025-05-07,0,1
97359.0,VP_poc,daily,,volume_profile,,,,2025-02-10,0,1
97367.0,VP_val,daily,,volume_profile,,,,2025-05-01,0,1
97380.8725,Fib_0.75_daily,daily,2025-02-12,fibonacci,2025-02-11,2025-02-12,high_to_low,,0,1
97389.0,VP_val,daily,,volume_profile,,,,2025-02-16,0,1
97395.0,VP_vah,daily,,volume_profile,,,,2025-01-15,0,1
97425.495,Fib_0.50_daily,daily,2025-02-09,fibonacci,2025-02-07,2025-02-09,high_to_low,,0,2
97430.82,HTF_Level_daily,daily,2025-02-11,htf,,,,,0,2
97437.0,VP_vah,daily,,volume_profile,,,,2025-02-15,0,2
97466.5225,Fib_0.75_daily,daily,2025-02-18,fibonacci,2025-02-14,2025-02-18,high_to_low,,0,2
97500.02784,Fib_0.639_daily,daily,2025-05-12,fibonacci,2025-04-28,2025-05-12,low_to_high,,0,2
97537.065,Fib_0.25_daily,daily,2025-02-11,fibonacci,2025-02-09,2025-02-11,low_to_high,,0,2
97545.82,Fib_0.50_daily,daily,2025-05-22,fibonacci,2025-04-16,2025-05-22,low_to_high,,0,2
97555.0,VP_poc,daily,,volume_profile,,,,2025-02-15,0,2
97568.0,VP_val,daily,,volume_profile,,,,2025-02-14,0,2
97569.67,HTF_Level_daily,daily,2025-02-16,htf,,,,,0,2
97595.0075,Fib_0.75_daily,daily,2025-05-22,fibonacci,2025-04-28,2025-05-22,low_to_high,,0,2
97638.0,VP_poc,daily,,volume_profile,,,,2025-02-07,0,2
97641.5575,Fib_0.25_daily,daily,2025-02-14,fibonacci,2025-02-12,2025-02-14,low_to_high,,0,1
97650.0,VP_val,daily,,volume_profile,,,,2025-01-02,0,1
97681.498,Fib_0.639_daily,daily,2025-03-11,fibonacci,2025-01-20,2025-03-11,high_to_low,,0,1
97700.59,HTF_Level_daily,daily,2025-02-03,htf,,,,,0,1
97701.2761,Fib_0.639_daily,daily,2025-02-18,fibonacci,2025-02-07,2025-02-18,high_to_low,,0,1
97728.0,VP_val,daily,,volume_profile,,,,2025-02-15,0,1
97763.0,VP_vah,daily,,volume_profile,,,,2025-01-04,0,1
97768.0,VP_vah,daily,,volume_profile,,,,2025-01-05,0,1
97777.77,Fractal_Low,daily,2025-01-27,fractal,,,,,1,1
97783.0,VP_val,daily,,volume_profile,,,,2025-02-03,0,1
97862.54391,Fib_0.639_daily,daily,2025-01-13,fibonacci,2025-01-07,2025-01-13,high_to_low,,0,2
97866.0,VP_vah,daily,,volume_profile,,,,2025-02-04,0,2
97868.72445,Fib_0.639_daily,daily,2025-05-12,fibonacci,2025-05-06,2025-05-12,low_to_high,,0,2
97870.0,HTF_Level_daily,daily,2025-02-13,htf,,,,,0,2
97872.0,VP_val,daily,,volume_profile,,,,2025-02-10,0,2
97895.68,Fractal_High,daily,2025-05-02,fractal,,,,,0,2
97910.0,VP_poc,daily,,volume_profile,,,,2025-01-04,0,2
97911.2425,Fib_0.25_daily,daily,2025-02-07,fibonacci,2025-02-03,2025-02-07,low_to_high,,0,2
97942.0,VP_poc,daily,,volume_profile,,,,2025-02-05,0,2
97953.2725,Fib_0.25_daily,daily,2025-02-21,fibonacci,2025-02-18,2025-02-21,low_to_high,,0,2
97954.02664,Fib_0.639_daily,daily,2025-02-12,fibonacci,2025-02-07,2025-02-12,high_to_low,,0,2
97964.76,Fib_0.50_daily,daily,2025-05-22,fibonacci,2025-04-20,2025-05-22,low_to_high,,0,2
97991.5875,Fib_0.25_daily,daily,2025-05-12,fibonacci,2025-04-07,2025-05-12,low_to_high,,0,2
97997.0,VP_val,daily,,volume_profile,,,,2025-02-20,0,2
98008.0,VP_poc,daily,,volume_profile,,,,2025-02-11,0,2
98015.0,VP_val,daily,,volume_profile,,,,2025-02-06,0,2
98027.75,Fib_0.75_daily,daily,2025-05-22,fibonacci,2025-05-06,2025-05-22,low_to_high,,0,2
98085.0,VP_vah,daily,,volume_profile,,,,2025-05-08,0,2
98130.0,VP_val,daily,,volume_profile,,,,2025-01-03,0,2
98179.56861,Fib_0.639_daily,daily,2025-02-09,fibonacci,2025-02-07,2025-02-09,high_to_low,,0,2
98200.0,Fractal_Low,daily,2025-06-22,fractal,,,,,0,2
98217.0,VP_poc,daily,,volume_profile,,,,2025-01-05,0,2
98241.0,VP_poc,daily,,volume_profile,,,,2025-02-21,0,2
98278.05772,Fib_0.639_daily,daily,2025-02-28,fibonacci,2025-01-20,2025-02-28,high_to_low,,0,2
98305.0,VP_val,daily,,volume_profile,,,,2025-01-04,0,2
98305.01,HTF_Level_daily,daily,2025-02-21,htf,,,,,0,2
98450.515,Fib_0.75_daily,daily,2025-02-18,fibonacci,2025-02-07,2025-02-18,high_to_low,,0,2
98470.08,Fib_0.75_daily,daily,2025-04-07,fibonacci,2025-01-30,2025-04-07,high_to_low,,0,2
98478.0,VP_val,daily,,volume_profile,,,,2025-02-11,0,2
98478.42,Fractal_High,daily,2025-02-11,fractal,,,,,0,2
98522.0,VP_val,daily,,volume_profile,,,,2025-01-05,0,2
98550.0,VP_val,daily,,volume_profile,,,,2025-02-05,0,2
98565.40369,Fib_0.639_daily,daily,2025-01-09,fibonacci,2025-01-07,2025-01-09,high_to_low,,0,2
98625.55,Fib_0.75_daily,daily,2025-02-12,fibonacci,2025-02-07,2025-02-12,high_to_low,,0,2
98700.0,VP_vah,daily,,volume_profile,,,,2025-01-27,0,2
98781.0,VP_vah,daily,,volume_profile,,,,2025-01-16,1,2
98781.7425,Fib_0.75_daily,daily,2025-02-09,fibonacci,2025-02-07,2025-02-09,high_to_low,,1,2
98805.0,VP_val,daily,,volume_profile,,,,2025-02-07,1,2
98826.0,Fractal_High,daily,2025-02-14,fractal,,,,,1,2
98844.22,Fib_0.50_daily,daily,2025-02-03,fibonacci,2025-01-30,2025-02-03,high_to_low,,1,2
98967.0,Fib_0.75_daily,daily,2025-04-07,fibonacci,2025-01-24,2025-04-07,high_to_low,,1,2
98976.91,Fractal_High,daily,2025-01-03,fractal,,,,,1,3
98994.58,Fib_0.75_daily,daily,2025-03-11,fibonacci,2025-01-30,2025-03-11,high_to_low,,1,2
99028.0,VP_poc,daily,,volume_profile,,,,2025-02-04,1,2
99175.0,VP_poc,daily,,volume_profile,,,,2025-01-27,2,0
99175.5,Fib_0.50_daily,daily,2025-02-03,fibonacci,2025-01-24,2025-02-03,high_to_low,,2,0
99309.73,Fib_0.50_daily,daily,2025-05-12,fibonacci,2025-04-28,2025-05-12,low_to_high,,2,0
99316.0,VP_poc,daily,,volume_profile,,,,2025-05-08,2,0
99353.0,VP_poc,daily,,volume_profile,,,,2025-02-02,2,0
99357.4575,Fib_0.75_daily,daily,2025-01-13,fibonacci,2025-01-07,2025-01-13,high_to_low,,2,1
99372.0,VP_vah,daily,,volume_profile,,,,2025-01-06,2,1
99380.0,VP_val,daily,,volume_profile,,,,2025-02-21,2,1
99407.71,Fib_0.75_daily,daily,2025-02-28,fibonacci,2025-01-30,2025-02-28,high_to_low,,2,1
99422.345,Fib_0.50_daily,daily,2025-01-20,fibonacci,2025-01-13,2025-01-20,low_to_high,,2,1
99475.0,Fractal_High,daily,2025-02-21,fractal,,,,,2,1
99476.0,VP_poc,daily,,volume_profile,,,,2025-01-15,2,1
99491.5,Fib_0.75_daily,daily,2025-03-11,fibonacci,2025-01-24,2025-03-11,high_to_low,,2,1
99550.0,Fractal_Low,daily,2025-01-20,fractal,,,,,2,0
99598.225,Fib_0.50_daily,daily,2025-05-12,fibonacci,2025-05-06,2025-05-12,low_to_high,,1,0
99613.0,VP_vah,daily,,volume_profile,,,,2025-06-22,1,0
99723.98639,Fib_0.639_daily,daily,2025-05-22,fibonacci,2025-04-28,2025-05-22,low_to_high,,2,0
99815.0,VP_poc,daily,,volume_profile,,,,2025-01-16,2,0
99844.2025,Fib_0.75_daily,daily,2025-01-09,fibonacci,2025-01-07,2025-01-09,high_to_low,,2,1
99904.63,Fib_0.75_daily,daily,2025-02-28,fibonacci,2025-01-24,2025-02-28,high_to_low,,2,1
99947.6875,Fib_0.75_daily,daily,2025-01-30,fibonacci,2025-01-27,2025-01-30,low_to_high,,2,1
99950.0,VP_val,daily,,volume_profile,,,,2025-02-04,2,1
99982.0,VP_vah,daily,,volume_profile,,,,2025-06-23,2,1
99987.3,HTF_Level_daily,daily,2025-01-17,htf,,,,,2,1
100092.683,Fib_0.639_daily,daily,2025-05-22,fibonacci,2025-05-06,2025-05-22,low_to_high,,2,0
100113.3275,Fib_0.25_daily,daily,2025-01-27,fibonacci,2025-01-24,2025-01-27,high_to_low,,2,0
100137.99,Fractal_High,daily,2025-02-07,fractal,,,,,1,1
100142.4975,Fib_0.25_daily,daily,2025-05-12,fibonacci,2025-04-16,2025-05-12,low_to_high,,1,0
100157.0,VP_val,daily,,volume_profile,,,,2025-01-16,0,0
100278.0,VP_val,daily,,volume_profile,,,,2025-02-02,1,0
100281.1625,Fib_0.25_daily,daily,2025-06-22,fibonacci,2025-06-20,2025-06-22,high_to_low,,1,0
100351.9675,Fib_0.25_daily,daily,2025-05-12,fibonacci,2025-04-20,2025-05-12,low_to_high,,1,0
100372.26,Fractal_Low,daily,2025-06-05,fractal,,,,,1,0
100409.5,Fib_0.50_daily,daily,2025-02-03,fibonacci,2025-01-20,2025-02-03,high_to_low,,0,1
100497.35,HTF_Level_daily,daily,2025-01-16,htf,,,,,0,2
100682.0,VP_val,daily,,volume_profile,,,,2025-01-15,1,1
100718.1125,Fib_0.75_daily,daily,2025-06-26,fibonacci,2025-06-22,2025-06-26,low_to_high,,1,1
100718.37,Fractal_Low,daily,2025-05-12,fractal,,,,,1,1
100730.3275,Fib_0.25_daily,daily,2025-01-27,fibonacci,2025-01-20,2025-01-27,high_to_low,,2,1
100818.0,Fib_0.75_daily,daily,2025-04-07,fibonacci,2025-01-20,2025-04-07,high_to_low,,1,1
100888.095,Fib_0.25_daily,daily,2025-06-22,fibonacci,2025-06-16,2025-06-22,high_to_low,,1,1
100911.13087,Fib_0.639_daily,daily,2025-01-30,fibonacci,2025-01-27,2025-01-30,low_to_high,,1,1
100960.69516,Fib_0.639_daily,daily,2025-02-03,fibonacci,2025-01-30,2025-02-03,high_to_low,,0,1
100963.87,HTF_Level_daily,daily,2025-06-23,htf,,,,,0,1
101086.0,VP_vah,daily,,volume_profile,,,,2025-01-21,0,1
101219.0,VP_vah,daily,,volume_profile,,,,2025-02-01,0,1
101282.5425,Fib_0.25_daily,daily,2025-06-22,fibonacci,2025-06-09,2025-06-22,high_to_low,,0,1
101301.0,VP_poc,daily,,volume_profile,,,,2025-06-23,0,1
101328.51,HTF_Level_daily,daily,2025-02-04,htf,,,,,0,1
101329.5,Fib_0.25_daily,daily,2025-06-22,fibonacci,2025-05-27,2025-06-22,high_to_low,,0,1
101331.57,HTF_Level_daily,daily,2025-01-20,htf,,,,,0,2
101335.52,HTF_Level_daily,daily,2025-01-29,htf,,,,,0,2
101342.5,Fib_0.75_daily,daily,2025-03-11,fibonacci,2025-01-20,2025-03-11,high_to_low,,0,2
101383.07,Fractal_Low,daily,2025-05-15,fractal,,,,,0,2
101384.071,Fib_0.639_daily,daily,2025-02-03,fibonacci,2025-01-24,2025-02-03,high_to_low,,0,2
101442.5,Fib_0.75_daily,daily,2025-01-24,fibonacci,2025-01-20,2025-01-24,low_to_high,,0,2
101445.0,VP_val,daily,,volume_profile,,,,2025-01-27,0,2
101461.0,VP_vah,daily,,volume_profile,,,,2025-01-29,0,2
101508.69,HTF_Level_daily,daily,2025-06-06,htf,,,,,0,2
101645.0,Fib_0.25_daily,daily,2025-06-22,fibonacci,2025-05-22,2025-06-22,high_to_low,,1,2
101685.0,VP_poc,daily,,volume_profile,,,,2025-01-07,1,2
101691.0,VP_vah,daily,,volume_profile,,,,2025-06-05,1,2
101707.0,VP_val,daily,,volume_profile,,,,2025-05-08,1,2
101755.63,Fib_0.75_daily,daily,2025-02-28,fibonacci,2025-01-20,2025-02-28,high_to_low,,1,2
101815.0,VP_vah,daily,,volume_profile,,,,2025-01-28,1,2
101836.15445,Fib_0.639_daily,daily,2025-06-26,fibonacci,2025-06-22,2025-06-26,low_to_high,,1,2
101950.0,VP_poc,daily,,volume_profile,,,,2025-01-06,1,1
101963.0,VP_vah,daily,,volume_profile,,,,2025-01-17,1,1
101977.8625,Fib_0.25_daily,daily,2025-06-05,fibonacci,2025-06-03,2025-06-05,high_to_low,,1,1
101990.0,VP_vah,daily,,volume_profile,,,,2025-01-23,1,1
102000.0,Fractal_Low,daily,2025-05-19,fractal,,,,,1,1
102009.0,VP_poc,daily,,volume_profile,,,,2025-02-01,1,1
102072.0,VP_val,daily,,volume_profile,,,,2025-01-07,1,1
102072.0,VP_poc,daily,,volume_profile,,,,2025-01-21,1,1
102117.605,Fib_0.50_daily,daily,2025-01-30,fibonacci,2025-01-27,2025-01-30,low_to_high,,1,1
102126.0,VP_vah,daily,,volume_profile,,,,2025-05-19,1,1
102204.0,VP_vah,daily,,volume_profile,,,,2025-06-21,1,1
102235.6,HTF_Level_daily,daily,2025-01-07,htf,,,,,1,2
102263.0,VP_vah,daily,,volume_profile,,,,2025-05-15,1,2
102282.77,Fib_0.639_daily,daily,2025-01-24,fibonacci,2025-01-20,2025-01-24,low_to_high,,1,2
102304.0,VP_poc,daily,,volume_profile,,,,2025-01-29,1,1
102345.0,VP_vah,daily,,volume_profile,,,,2025-06-20,1,0
102362.325,Fib_0.50_daily,daily,2025-06-22,fibonacci,2025-06-20,2025-06-22,high_to_low,,1,0
102390.005,Fib_0.50_daily,daily,2025-05-22,fibonacci,2025-04-28,2025-05-22,low_to_high,,1,0
102448.885,Fib_0.50_daily,daily,2025-01-27,fibonacci,2025-01-24,2025-01-27,high_to_low,,0,1
102480.0,VP_val,daily,,volume_profile,,,,2025-01-06,0,1
102492.165,Fib_0.25_daily,daily,2025-05-15,fibonacci,2025-05-12,2025-05-15,high_to_low,,0,1
102564.59,Fib_0.25_daily,daily,2025-05-12,fibonacci,2025-04-28,2025-05-12,low_to_high,,0,1
102575.0,VP_val,daily,,volume_profile,,,,2025-02-01,0,1
102586.0,VP_vah,daily,,volume_profile,,,,2025-05-09,0,1
102612.0,Fib_0.25_daily,daily,2025-05-22,fibonacci,2025-04-07,2025-05-22,low_to_high,,0,1
102632.0,VP_vah,daily,,volume_profile,,,,2025-01-20,0,1
102643.0,VP_poc,daily,,volume_profile,,,,2025-01-23,0,1
102650.83,Fib_0.75_daily,daily,2025-02-03,fibonacci,2025-01-30,2025-02-03,high_to_low,,0,1
102664.31,Fractal_Low,daily,2025-06-13,fractal,,,,,0,1
102678.5,Fib_0.50_daily,daily,2025-05-22,fibonacci,2025-05-06,2025-05-22,low_to_high,,0,1
102693.0,VP_poc,daily,,volume_profile,,,,2025-06-22,0,1
102708.8375,Fib_0.25_daily,daily,2025-05-12,fibonacci,2025-05-06,2025-05-12,low_to_high,,0,1
102724.38,Fractal_High,daily,2025-01-07,fractal,,,,,0,2
102725.0,VP_vah,daily,,volume_profile,,,,2025-05-13,0,2
102791.32,HTF_Level_daily,daily,2025-05-13,htf,,,,,0,2
102813.0,VP_poc,daily,,volume_profile,,,,2025-01-28,0,2
102833.0,VP_vah,daily,,volume_profile,,,,2025-01-31,0,2
102844.0,VP_vah,daily,,volume_profile,,,,2025-01-19,0,2
102872.0,VP_vah,daily,,volume_profile,,,,2025-05-12,0,2
102901.0,VP_vah,daily,,volume_profile,,,,2025-05-17,0,1
102911.7375,Fib_0.75_daily,daily,2025-06-09,fibonacci,2025-06-05,2025-06-09,low_to_high,,0,1
102929.0,VP_poc,daily,,volume_profile,,,,2025-05-09,0,1
102958.695,Fib_0.25_daily,daily,2025-06-05,fibonacci,2025-05-27,2025-06-05,high_to_low,,0,1
102961.123,Fib_0.639_daily,daily,2025-02-03,fibonacci,2025-01-20,2025-02-03,high_to_low,,0,1
102971.99,HTF_Level_daily,daily,2025-05-10,htf,,,,,0,1
103000.0,VP_poc,daily,,volume_profile,,,,2025-05-19,0,1
103005.0,VP_val,daily,,volume_profile,,,,2025-06-22,0,1
103038.0,VP_vah,daily,,volume_profile,,,,2025-05-10,0,1
103068.55,Fractal_Low,daily,2025-05-31,fractal,,,,,1,1
103126.0,VP_val,daily,,volume_profile,,,,2025-01-28,1,1
103126.65,HTF_Level_daily,daily,2025-05-18,htf,,,,,1,1
103147.75,Fib_0.75_daily,daily,2025-02-03,fibonacci,2025-01-24,2025-02-03,high_to_low,,1,1
103174.0,VP_poc,daily,,volume_profile,,,,2025-05-17,1,1
103228.0,VP_vah,daily,,volume_profile,,,,2025-01-26,1,1
103236.225,Fib_0.50_daily,daily,2025-06-26,fibonacci,2025-06-22,2025-06-26,low_to_high,,1,1
103251.0,VP_vah,daily,,volume_profile,,,,2025-01-18,1,1
103261.61,HTF_Level_daily,daily,2025-05-09,htf,,,,,1,1
103269.0,VP_vah,daily,,volume_profile,,,,2025-06-06,1,1
103270.0,VP_vah,daily,,volume_profile,,,,2025-05-31,1,1
103274.195,Fib_0.25_daily,daily,2025-06-05,fibonacci,2025-05-22,2025-06-05,high_to_low,,1,1
103300.0,VP_val,daily,,volume_profile,,,,2025-06-23,1,1
103335.0,Fib_0.50_daily,daily,2025-01-24,fibonacci,2025-01-20,2025-01-24,low_to_high,,1,1
103358.0,VP_vah,daily,,volume_profile,,,,2025-05-14,0,1
103370.0,VP_val,daily,,volume_profile,,,,2025-05-09,0,1
103371.02,Fractal_Low,daily,2025-06-17,fractal,,,,,0,1
103375.0,VP_val,daily,,volume_profile,,,,2025-01-29,0,1
103427.0,VP_val,daily,,volume_profile,,,,2025-05-17,0,1
103458.0,VP_poc,daily,,volume_profile,,,,2025-06-21,0,1
103497.0,VP_vah,daily,,volume_profile,,,,2025-05-16,0,1
103500.0,VP_vah,daily,,volume_profile,,,,2025-06-17,0,1
103507.83,HTF_Level_daily,daily,2025-05-15,htf,,,,,0,1
103519.45135,Fib_0.639_daily,daily,2025-06-22,fibonacci,2025-06-20,2025-06-22,high_to_low,,0,1
103520.0,VP_poc,daily,,volume_profile,,,,2025-05-31,0,1
103533.7775,Fib_0.75_daily,daily,2025-05-22,fibonacci,2025-05-12,2025-05-22,low_to_high,,0,1
103576.19,Fib_0.50_daily,daily,2025-06-22,fibonacci,2025-06-16,2025-06-22,high_to_low,,0,1
103583.465,Fib_0.50_daily,daily,2025-06-05,fibonacci,2025-06-03,2025-06-05,high_to_low,,0,1
103593.0,VP_poc,daily,,volume_profile,,,,2025-05-10,0,1
103601.26,Fib_0.50_daily,daily,2025-05-15,fibonacci,2025-05-12,2025-05-15,high_to_low,,0,1
103655.0,VP_poc,daily,,volume_profile,,,,2025-05-15,0,1
103663.0,VP_vah,daily,,volume_profile,,,,2025-01-22,0,1
103682.885,Fib_0.50_daily,daily,2025-01-27,fibonacci,2025-01-20,2025-01-27,high_to_low,,0,2
103706.66,HTF_Level_daily,daily,2025-01-23,htf,,,,,0,3
103747.45497,Fib_0.639_daily,daily,2025-01-27,fibonacci,2025-01-24,2025-01-27,high_to_low,,0,3
103763.71,HTF_Level_daily,daily,2025-05-16,htf,,,,,0,3
103764.0,VP_poc,daily,,volume_profile,,,,2025-05-14,0,3
103776.0,VP_vah,daily,,volume_profile,,,,2025-05-11,0,3
103798.0,VP_vah,daily,,volume_profile,,,,2025-06-13,0,3
103800.0,VP_vah,daily,,volume_profile,,,,2025-05-18,0,3
103845.0,VP_vah,daily,,volume_profile,,,,2025-06-01,0,2
103869.0,VP_poc,daily,,volume_profile,,,,2025-05-13,0,2
103900.0,VP_poc,daily,,volume_profile,,,,2025-05-18,0,2
103905.0,VP_vah,daily,,volume_profile,,,,2025-06-02,0,2
103946.0,VP_val,daily,,volume_profile,,,,2025-06-21,0,2
103947.0,VP_val,daily,,volume_profile,,,,2025-05-10,0,2
103952.0,VP_poc,daily,,volume_profile,,,,2025-05-11,0,2
103981.0,VP_val,daily,,volume_profile,,,,2025-05-15,0,2
103985.47,HTF_Level_daily,daily,2025-05-31,htf,,,,,0,2
103988.0,VP_poc,daily,,volume_profile,,,,2025-05-16,0,2
104000.08,Fib_0.75_daily,daily,2025-06-03,fibonacci,2025-05-31,2025-06-03,low_to_high,,0,2
104032.3025,Fib_0.75_daily,daily,2025-05-22,fibonacci,2025-05-15,2025-05-22,low_to_high,,0,2
104039.26551,Fib_0.639_daily,daily,2025-06-09,fibonacci,2025-06-05,2025-06-09,low_to_high,,0,2
104057.0,VP_val,daily,,volume_profile,,,,2025-05-14,0,2
104071.0,VP_poc,daily,,volume_profile,,,,2025-01-22,0,2
104100.0,VP_val,daily,,volume_profile,,,,2025-05-16,0,2
104103.72,HTF_Level_daily,daily,2025-05-14,htf,,,,,0,2
104159.4275,Fib_0.75_daily,daily,2025-06-20,fibonacci,2025-06-17,2025-06-20,low_to_high,,0,1
104204.0,VP_poc,daily,,volume_profile,,,,2025-01-17,0,1
104206.0,VP_vah,daily,,volume_profile,,,,2025-06-18,0,1
104217.91682,Fib_0.639_daily,daily,2025-05-15,fibonacci,2025-05-12,2025-05-15,high_to_low,,0,1
104236.3275,Fib_0.75_daily,daily,2025-06-16,fibonacci,2025-06-13,2025-06-16,low_to_high,,0,1
104255.0,VP_poc,daily,,volume_profile,,,,2025-06-02,0,1
104287.5225,Fib_0.25_daily,daily,2025-01-30,fibonacci,2025-01-27,2025-01-30,low_to_high,,0,1
104291.0,VP_poc,daily,,volume_profile,,,,2025-01-18,0,1
104320.0,VP_poc,daily,,volume_profile,,,,2025-06-01,0,1
104360.0,VP_vah,daily,,volume_profile,,,,2025-06-14,0,1
104362.0,VP_vah,daily,,volume_profile,,,,2025-01-25,0,1
104365.085,Fib_0.50_daily,daily,2025-06-22,fibonacci,2025-06-09,2025-06-22,high_to_low,,0,1
104371.0,VP_vah,daily,,volume_profile,,,,2025-06-19,0,1
104375.0,VP_poc,daily,,volume_profile,,,,2025-05-12,0,1
104413.67932,Fib_0.639_daily,daily,2025-06-03,fibonacci,2025-05-31,2025-06-03,low_to_high,,0,1
104415.0,VP_poc,daily,,volume_profile,,,,2025-06-17,0,1
104443.4875,Fib_0.75_daily,daily,2025-06-22,fibonacci,2025-06-20,2025-06-22,high_to_low,,0,1
104445.0,VP_val,daily,,volume_profile,,,,2025-05-31,0,1
104459.0,Fib_0.50_daily,daily,2025-06-22,fibonacci,2025-05-27,2025-06-22,high_to_low,,0,1
104476.0,VP_poc,daily,,volume_profile,,,,2025-06-06,0,1
104476.17999,Fib_0.639_daily,daily,2025-06-05,fibonacci,2025-06-03,2025-06-05,high_to_low,,0,1
104495.0,Fib_0.75_daily,daily,2025-05-22,fibonacci,2025-05-19,2025-05-22,low_to_high,,0,1
104505.1725,Fib_0.25_daily,daily,2025-01-20,fibonacci,2025-01-13,2025-01-20,low_to_high,,0,2
104509.48043,Fib_0.639_daily,daily,2025-06-20,fibonacci,2025-06-17,2025-06-20,low_to_high,,0,2
104517.0,VP_val,daily,,volume_profile,,,,2025-05-11,0,2
104551.17,HTF_Level_daily,daily,2025-06-18,htf,,,,,0,2
104556.0,VP_val,daily,,volume_profile,,,,2025-01-18,0,2
104556.23,HTF_Level_daily,daily,2025-01-19,htf,,,,,0,3
104570.0,VP_poc,daily,,volume_profile,,,,2025-06-05,0,3
104585.0,VP_poc,daily,,volume_profile,,,,2025-06-20,0,3
104628.0,VP_vah,daily,,volume_profile,,,,2025-01-24,0,3
104629.0,VP_poc,daily,,volume_profile,,,,2025-01-25,0,3
104630.775,Fib_0.25_daily,daily,2025-06-13,fibonacci,2025-06-09,2025-06-13,high_to_low,,0,3
104696.0,VP_poc,daily,,volume_profile,,,,2025-01-31,0,2
104710.355,Fib_0.75_daily,daily,2025-05-15,fibonacci,2025-05-12,2025-05-15,high_to_low,,0,2
104722.94,HTF_Level_daily,daily,2025-01-31,htf,,,,,0,2
104730.0,VP_poc,daily,,volume_profile,,,,2025-06-19,0,2
104744.0,VP_vah,daily,,volume_profile,,,,2025-05-30,0,2
104762.91,Fib_0.25_daily,daily,2025-05-22,fibonacci,2025-04-16,2025-05-22,low_to_high,,0,2
104766.36,Fib_0.25_daily,daily,2025-06-17,fibonacci,2025-06-16,2025-06-17,high_to_low,,0,2
104783.81843,Fib_0.639_daily,daily,2025-05-22,fibonacci,2025-05-12,2025-05-22,low_to_high,,0,2
104784.4425,Fib_0.75_daily,daily,2025-01-27,fibonacci,2025-01-24,2025-01-27,high_to_low,,0,2
104794.0,VP_poc,daily,,volume_profile,,,,2025-06-18,0,2
104800.0,VP_vah,daily,,volume_profile,,,,2025-01-30,0,2
104809.53,HTF_Level_daily,daily,2025-05-11,htf,,,,,0,2
104826.0,VP_vah,daily,,volume_profile,,,,2025-06-24,0,2
104850.0,VP_vah,daily,,volume_profile,,,,2025-06-04,0,2
104870.51,HTF_Level_daily,daily,2025-01-25,htf,,,,,0,2
104886.79,HTF_Level_daily,daily,2025-06-19,htf,,,,,0,2
104900.0,VP_poc,daily,,volume_profile,,,,2025-06-13,0,2
104931.61,Fib_0.50_daily,daily,2025-06-03,fibonacci,2025-05-31,2025-06-03,low_to_high,,0,2
104934.0,VP_vah,daily,,volume_profile,,,,2025-06-07,0,2
104934.30327,Fib_0.639_daily,daily,2025-06-16,fibonacci,2025-06-13,2025-06-16,low_to_high,,0,2
104947.835,Fib_0.50_daily,daily,2025-06-20,fibonacci,2025-06-17,2025-06-20,low_to_high,,0,2
104948.0,VP_poc,daily,,volume_profile,,,,2025-06-14,0,2
104972.38,Fib_0.25_daily,daily,2025-05-22,fibonacci,2025-04-20,2025-05-22,low_to_high,,0,2
104973.0,VP_val,daily,,volume_profile,,,,2025-01-25,0,2
104976.0,VP_val,daily,,volume_profile,,,,2025-05-13,0,2
104979.0,VP_poc,daily,,volume_profile,,,,2025-01-26,0,2
104980.9125,Fib_0.25_daily,daily,2025-05-31,fibonacci,2025-05-27,2025-05-31,high_to_low,,0,2
104998.75,Fib_0.75_daily,daily,2025-02-03,fibonacci,2025-01-20,2025-02-03,high_to_low,,0,2
105024.0,VP_val,daily,,volume_profile,,,,2025-06-01,0,2
105030.0,VP_poc,daily,,volume_profile,,,,2025-01-19,0,2
105030.0,VP_val,daily,,volume_profile,,,,2025-06-19,0,2
105070.77082,Fib_0.639_daily,daily,2025-06-22,fibonacci,2025-06-16,2025-06-22,high_to_low,,0,2
105090.0,Fib_0.50_daily,daily,2025-06-22,fibonacci,2025-05-22,2025-06-22,high_to_low,,0,2
105097.0,VP_vah,daily,,volume_profile,,,,2025-06-15,0,2
105116.0,VP_vah,daily,,volume_profile,,,,2025-06-03,0,2
105138.0,VP_val,daily,,volume_profile,,,,2025-06-18,0,2
105163.0,VP_poc,daily,,volume_profile,,,,2025-01-30,0,2
105164.0,VP_val,daily,,volume_profile,,,,2025-06-20,0,2
105189.0675,Fib_0.75_daily,daily,2025-06-05,fibonacci,2025-06-03,2025-06-05,high_to_low,,0,2
105200.0,VP_val,daily,,volume_profile,,,,2025-05-19,0,2
105208.56173,Fib_0.639_daily,daily,2025-05-22,fibonacci,2025-05-15,2025-05-22,low_to_high,,0,2
105223.0,VP_val,daily,,volume_profile,,,,2025-01-23,0,2
105224.0,VP_poc,daily,,volume_profile,,,,2025-06-03,0,2
105227.5,Fib_0.25_daily,daily,2025-01-24,fibonacci,2025-01-20,2025-01-24,low_to_high,,0,2
105259.0,VP_poc,daily,,volume_profile,,,,2025-01-24,0,1
105270.0,VP_poc,daily,,volume_profile,,,,2025-06-24,0,1
105273.0,VP_val,daily,,volume_profile,,,,2025-01-26,0,1
105280.0,VP_val,daily,,volume_profile,,,,2025-06-02,0,1
105291.0,VP_val,daily,,volume_profile,,,,2025-01-21,0,1
105296.4125,Fib_0.25_daily,daily,2025-05-31,fibonacci,2025-05-22,2025-05-31,high_to_low,,0,1
105318.0,VP_vah,daily,,volume_profile,,,,2025-06-09,0,1
105324.50697,Fib_0.639_daily,daily,2025-01-27,fibonacci,2025-01-20,2025-01-27,high_to_low,,0,1
105333.0,VP_val,daily,,volume_profile,,,,2025-06-06,0,1
105336.0,VP_vah,daily,,volume_profile,,,,2025-05-20,0,1
105368.0,VP_vah,daily,,volume_profile,,,,2025-06-08,0,1
105386.0,VP_val,daily,,volume_profile,,,,2025-01-22,0,1
105414.63,HTF_Level_daily,daily,2025-06-15,htf,,,,,0,1
105423.0,VP_poc,daily,,volume_profile,,,,2025-06-04,0,1
105451.215,Fib_0.50_daily,daily,2025-06-09,fibonacci,2025-06-05,2025-06-09,low_to_high,,0,1
105470.0,VP_val,daily,,volume_profile,,,,2025-06-14,0,1
105535.0,VP_poc,daily,,volume_profile,,,,2025-06-07,0,1
105539.0,VP_poc,daily,,volume_profile,,,,2025-06-15,0,1
105545.13,Fib_0.50_daily,daily,2025-06-05,fibonacci,2025-05-27,2025-06-05,high_to_low,,0,1
105573.73,HTF_Level_daily,daily,2025-05-20,htf,,,,,0,1
105581.0,VP_poc,daily,,volume_profile,,,,2025-06-08,0,1
105581.0,VP_poc,daily,,volume_profile,,,,2025-06-09,0,1
105602.78,Fib_0.639_daily,daily,2025-05-22,fibonacci,2025-05-19,2025-05-22,low_to_high,,0,1
105612.0,VP_val,daily,,volume_profile,,,,2025-06-04,0,1
105634.0,VP_val,daily,,volume_profile,,,,2025-06-24,0,1
105671.74,HTF_Level_daily,daily,2025-06-13,htf,,,,,0,1
105694.0,VP_val,daily,,volume_profile,,,,2025-06-13,0,1
105700.0,VP_poc,daily,,volume_profile,,,,2025-05-30,0,1
105736.2425,Fib_0.25_daily,daily,2025-06-20,fibonacci,2025-06-17,2025-06-20,low_to_high,,0,1
105754.3375,Fib_0.25_daily,daily,2025-06-26,fibonacci,2025-06-22,2025-06-26,low_to_high,,0,1
105777.0,VP_val,daily,,volume_profile,,,,2025-06-05,0,1
105777.0,VP_val,daily,,volume_profile,,,,2025-06-15,0,1
105790.0,VP_val,daily,,volume_profile,,,,2025-01-30,0,1
105808.345,Fib_0.50_daily,daily,2025-06-16,fibonacci,2025-06-13,2025-06-16,low_to_high,,0,1
105819.0,VP_val,daily,,volume_profile,,,,2025-05-12,0,1
105819.45,Fractal_High,daily,2025-05-12,fractal,,,,,0,1
105847.0,VP_val,daily,,volume_profile,,,,2025-01-17,0,1
105858.0,HTF_Level_daily,daily,2025-06-03,htf,,,,,0,1
105863.14,Fib_0.25_daily,daily,2025-06-03,fibonacci,2025-05-31,2025-06-03,low_to_high,,0,1
105883.0,VP_val,daily,,volume_profile,,,,2025-05-18,0,1
105884.0,VP_val,daily,,volume_profile,,,,2025-06-07,0,1
106012.0,VP_val,daily,,volume_profile,,,,2025-01-31,0,1
106055.0,VP_vah,daily,,volume_profile,,,,2025-06-12,0,0
106066.59,HTF_Level_daily,daily,2025-06-14,htf,,,,,0,1
106078.97863,Fib_0.639_daily,daily,2025-06-22,fibonacci,2025-06-09,2025-06-22,high_to_low,,0,1
106088.0,VP_val,daily,,volume_profile,,,,2025-06-08,0,1
106115.0,VP_vah,daily,,volume_profile,,,,2025-06-16,0,0
106132.0,VP_poc,daily,,volume_profile,,,,2025-05-20,0,0
106136.0,VP_val,daily,,volume_profile,,,,2025-05-30,0,0
106140.0,VP_val,daily,,volume_profile,,,,2025-06-03,0,0
106143.82,HTF_Level_daily,daily,2025-01-22,htf,,,,,0,1
106161.7,Fib_0.50_daily,daily,2025-06-17,fibonacci,2025-06-16,2025-06-17,high_to_low,,0,1
106176.13,Fib_0.50_daily,daily,2025-06-05,fibonacci,2025-05-22,2025-06-05,high_to_low,,0,1
106199.002,Fib_0.639_daily,daily,2025-06-22,fibonacci,2025-05-27,2025-06-22,high_to_low,,0,1
106264.285,Fib_0.75_daily,daily,2025-06-22,fibonacci,2025-06-16,2025-06-22,high_to_low,,0,1
106296.0,VP_val,daily,,volume_profile,,,,2025-06-17,0,1
106317.0,VP_vah,daily,,volume_profile,,,,2025-05-21,0,1
106318.0,VP_val,daily,,volume_profile,,,,2025-01-24,0,1
106349.185,Fib_0.50_daily,daily,2025-05-22,fibonacci,2025-05-12,2025-05-22,low_to_high,,0,1
106422.0,VP_val,daily,,volume_profile,,,,2025-01-19,0,0
106429.0,VP_vah,daily,,volume_profile,,,,2025-05-29,0,0
106454.27,HTF_Level_daily,daily,2025-05-19,htf,,,,,0,1
106457.44,Fractal_High,daily,2025-01-30,fractal,,,,,0,2
106524.65,Fractal_High,daily,2025-06-20,fractal,,,,,0,1
106597.24,Fib_0.50_daily,daily,2025-06-13,fibonacci,2025-06-09,2025-06-13,high_to_low,,1,1
106600.64,Fractal_Low,daily,2025-05-25,fractal,,,,,2,1
106602.0,VP_vah,daily,,volume_profile,,,,2025-06-27,2,1
106635.4425,Fib_0.75_daily,daily,2025-01-27,fibonacci,2025-01-20,2025-01-27,high_to_low,,2,2
106681.535,Fib_0.50_daily,daily,2025-05-22,fibonacci,2025-05-15,2025-05-22,low_to_high,,2,1
106709.0,VP_vah,daily,,volume_profile,,,,2025-05-25,1,1
106749.0,VP_poc,daily,,volume_profile,,,,2025-05-21,1,1
106752.0,VP_vah,daily,,volume_profile,,,,2025-06-25,1,1
106794.53,HTF_Level_daily,daily,2025-06-17,htf,,,,,1,0
106794.67,Fractal_High,daily,2025-06-03,fractal,,,,,0,1
106893.275,Fib_0.50_daily,daily,2025-05-31,fibonacci,2025-05-27,2025-05-31,high_to_low,,1,0
106937.50904,Fib_0.639_daily,daily,2025-06-17,fibonacci,2025-06-16,2025-06-17,high_to_low,,1,0
106947.06,HTF_Level_daily,daily,2025-06-27,htf,,,,,1,0
106954.0,VP_poc,daily,,volume_profile,,,,2025-06-16,1,0
106983.18786,Fib_0.639_daily,daily,2025-06-05,fibonacci,2025-05-27,2025-06-05,high_to_low,,1,0
106990.0,Fib_0.50_daily,daily,2025-05-22,fibonacci,2025-05-19,2025-05-22,low_to_high,,1,0
107005.42,Fib_0.639_daily,daily,2025-06-22,fibonacci,2025-05-22,2025-06-22,high_to_low,,1,0
107009.0,VP_vah,daily,,volume_profile,,,,2025-06-26,1,0
107062.0,VP_poc,daily,,volume_profile,,,,2025-06-27,1,0
107120.0,Fractal_High,daily,2025-01-24,fractal,,,,,1,1
107183.0,VP_vah,daily,,volume_profile,,,,2025-06-28,1,0
107185.0025,Fib_0.25_daily,daily,2025-05-22,fibonacci,2025-04-28,2025-05-22,low_to_high,,1,0
107196.0,VP_vah,daily,,volume_profile,,,,2025-05-23,0,0
107206.0,VP_poc,daily,,volume_profile,,,,2025-05-25,0,0
107207.0,VP_val,daily,,volume_profile,,,,2025-05-20,0,0
107227.0,VP_poc,daily,,volume_profile,,,,2025-06-25,0,0
107243.0,VP_val,daily,,volume_profile,,,,2025-06-27,0,0
107295.0,VP_poc,daily,,volume_profile,,,,2025-06-28,0,0
107310.0,VP_vah,daily,,volume_profile,,,,2025-06-29,0,0
107318.3,HTF_Level_daily,daily,2025-05-24,htf,,,,,1,0
107328.0,VP_poc,daily,,volume_profile,,,,2025-06-26,1,0
107329.25,Fib_0.25_daily,daily,2025-05-22,fibonacci,2025-05-06,2025-05-22,low_to_high,,1,0
107340.59,HTF_Level_daily,daily,2025-06-26,htf,,,,,0,1
107366.0,VP_poc,daily,,volume_profile,,,,2025-06-29,0,1
107380.3625,Fib_0.25_daily,daily,2025-06-16,fibonacci,2025-06-13,2025-06-16,low_to_high,,0,2
107447.6275,Fib_0.75_daily,daily,2025-06-22,fibonacci,2025-06-09,2025-06-22,high_to_low,,0,2
107477.0,VP_val,daily,,volume_profile,,,,2025-06-28,0,2
107520.0,VP_vah,daily,,volume_profile,,,,2025-05-28,1,2
107524.275,Fib_0.50_daily,daily,2025-05-31,fibonacci,2025-05-22,2025-05-31,high_to_low,,1,2
107557.04,Fib_0.75_daily,daily,2025-06-17,fibonacci,2025-06-16,2025-06-17,high_to_low,,1,2
107588.5,Fib_0.75_daily,daily,2025-06-22,fibonacci,2025-05-27,2025-06-22,high_to_low,,1,2
107629.98,Fib_0.75_daily,daily,2025-05-27,fibonacci,2025-05-25,2025-05-27,low_to_high,,1,2
107690.59454,Fib_0.639_daily,daily,2025-06-13,fibonacci,2025-06-09,2025-06-13,high_to_low,,1,2
107730.0,VP_poc,daily,,volume_profile,,,,2025-06-12,1,2
107781.0,VP_poc,daily,,volume_profile,,,,2025-01-20,1,2
107789.60586,Fib_0.639_daily,daily,2025-06-05,fibonacci,2025-05-22,2025-06-05,high_to_low,,1,1
107813.0,VP_poc,daily,,volume_profile,,,,2025-05-29,1,1
107814.0,VP_val,daily,,volume_profile,,,,2025-06-26,1,1
107839.0,VP_val,daily,,volume_profile,,,,2025-05-25,1,1
107945.48,Fib_0.25_daily,daily,2025-05-25,fibonacci,2025-05-22,2025-05-25,high_to_low,,1,1
107956.54855,Fib_0.639_daily,daily,2025-05-31,fibonacci,2025-05-27,2025-05-31,high_to_low,,1,1
107982.0,VP_val,daily,,volume_profile,,,,2025-06-16,1,1
107990.6925,Fib_0.25_daily,daily,2025-06-09,fibonacci,2025-06-05,2025-06-09,low_to_high,,1,1
108017.0,VP_val,daily,,volume_profile,,,,2025-06-25,1,0
108037.0,VP_vah,daily,,volume_profile,,,,2025-05-24,1,0
108087.00696,Fib_0.639_daily,daily,2025-05-27,fibonacci,2025-05-25,2025-05-27,low_to_high,,1,0
108131.565,Fib_0.75_daily,daily,2025-06-05,fibonacci,2025-05-27,2025-06-05,high_to_low,,1,0
108196.0,VP_val,daily,,volume_profile,,,,2025-06-29,1,0
108272.45,Fractal_High,daily,2025-06-26,fractal,,,,,1,0
108356.93,HTF_Level_daily,daily,2025-06-30,htf,,,,,1,0
108535.0,Fib_0.75_daily,daily,2025-06-22,fibonacci,2025-05-22,2025-06-22,high_to_low,,1,0
108563.705,Fib_0.75_daily,daily,2025-06-13,fibonacci,2025-06-09,2025-06-13,high_to_low,,1,0
108659.32,Fib_0.50_daily,daily,2025-05-27,fibonacci,2025-05-25,2025-05-27,low_to_high,,1,0
108759.0,VP_val,daily,,volume_profile,,,,2025-06-12,0,0
108762.96655,Fib_0.639_daily,daily,2025-05-31,fibonacci,2025-05-22,2025-05-31,high_to_low,,0,1
108805.6375,Fib_0.75_daily,daily,2025-05-31,fibonacci,2025-05-27,2025-05-31,high_to_low,,0,1
108842.0,VP_poc,daily,,volume_profile,,,,2025-05-28,0,1
108857.0,VP_val,daily,,volume_profile,,,,2025-05-29,0,1
108892.0,VP_val,daily,,volume_profile,,,,2025-06-09,1,1
108894.0,VP_val,daily,,volume_profile,,,,2025-05-21,1,1
108912.0,VP_vah,daily,,volume_profile,,,,2025-06-10,1,1
108939.0,VP_vah,daily,,volume_profile,,,,2025-05-27,1,1
108952.38,Fractal_High,daily,2025-06-16,fractal,,,,,1,1
108964.0,VP_vah,daily,,volume_profile,,,,2025-06-11,1,1
109023.0,VP_poc,daily,,volume_profile,,,,2025-05-23,1,1
109078.065,Fib_0.75_daily,daily,2025-06-05,fibonacci,2025-05-22,2025-06-05,high_to_low,,1,1
109095.0,VP_poc,daily,,volume_profile,,,,2025-05-24,1,1
109130.0,VP_val,daily,,volume_profile,,,,2025-05-28,1,1
109164.5925,Fib_0.25_daily,daily,2025-05-22,fibonacci,2025-05-12,2025-05-22,low_to_high,,1,1
109193.0,VP_val,daily,,volume_profile,,,,2025-01-20,1,1
109254.0,VP_vah,daily,,volume_profile,,,,2025-05-26,1,1
109290.32,Fib_0.50_daily,daily,2025-05-25,fibonacci,2025-05-22,2025-05-25,high_to_low,,1,1
109330.7675,Fib_0.25_daily,daily,2025-05-22,fibonacci,2025-05-15,2025-05-22,low_to_high,,1,1
109420.0,VP_poc,daily,,volume_profile,,,,2025-06-10,1,1
109434.78,HTF_Level_daily,daily,2025-05-27,htf,,,,,1,1
109485.0,Fib_0.25_daily,daily,2025-05-22,fibonacci,2025-05-19,2025-05-22,low_to_high,,1,1
109506.0,VP_val,daily,,volume_profile,,,,2025-05-24,0,1
109588.0,Fractal_High,daily,2025-01-20,fractal,,,,,0,2
109600.0,VP_poc,daily,,volume_profile,,,,2025-05-26,0,2
109640.0,VP_poc,daily,,volume_profile,,,,2025-05-27,0,2
109661.0,VP_poc,daily,,volume_profile,,,,2025-06-11,0,2
109688.66,Fib_0.25_daily,daily,2025-05-27,fibonacci,2025-05-25,2025-05-27,low_to_high,,0,2
109752.1375,Fib_0.75_daily,daily,2025-05-31,fibonacci,2025-05-22,2025-05-31,high_to_low,,0,2
109901.0,VP_val,daily,,volume_profile,,,,2025-06-10,0,1
109951.0,VP_val,daily,,volume_profile,,,,2025-05-26,0,1
109993.0,VP_val,daily,,volume_profile,,,,2025-05-23,0,1
110038.05104,Fib_0.639_daily,daily,2025-05-25,fibonacci,2025-05-22,2025-05-25,high_to_low,,0,2
110098.0,VP_val,daily,,volume_profile,,,,2025-06-11,0,2
110274.39,HTF_Level_daily,daily,2025-06-11,htf,,,,,0,1
110455.0,VP_val,daily,,volume_profile,,,,2025-05-27,0,0
110530.17,Fractal_High,daily,2025-06-09,fractal,,,,,0,0
110601.0,VP_vah,daily,,volume_profile,,,,2025-05-22,0,0
110635.16,Fib_0.75_daily,daily,2025-05-25,fibonacci,2025-05-22,2025-05-25,high_to_low,,0,1
110718.0,Fractal_High,daily,2025-05-27,fractal,,,,,0,1
110916.0,VP_poc,daily,,volume_profile,,,,2025-05-22,0,0
111664.0,VP_val,daily,,volume_profile,,,,2025-05-22,0,0
111696.22,HTF_Level_daily,daily,2025-05-23,htf,,,,,0,1
111980.0,Fractal_High,daily,2025-05-22,fractal,,,,,0,1
74508.0,Fractal_Low,monthly,2025-04-01,fractal,,,,,1,0
75605.0,VP_vah,monthly,,volume_profile,,,,2025-03-31,1,0
81130.0,VP_vah,monthly,,volume_profile,,,,2025-02-28,0,0
82550.0,HTF_Level_monthly,monthly,2025-04-01,htf,,,,,1,0
84217.0,VP_poc,monthly,,volume_profile,,,,2025-02-28,2,0
84599.0,VP_poc,monthly,,volume_profile,,,,2025-03-31,0,1
86100.0,VP_val,monthly,,volume_profile,,,,2025-03-31,0,4
88511.0,VP_val,monthly,,volume_profile,,,,2025-02-28,0,1
88740.0,VP_vah,monthly,,volume_profile,,,,2025-01-31,0,1
96166.0,VP_poc,monthly,,volume_profile,,,,2025-01-31,0,1
102000.0,VP_vah,monthly,,volume_profile,,,,2025-04-30,1,1
102429.56,HTF_Level_monthly,monthly,2025-02-01,htf,,,,,1,0
103017.0,VP_val,monthly,,volume_profile,,,,2025-01-31,0,1
103140.0,VP_vah,monthly,,volume_profile,,,,2025-05-31,1,1
103869.0,VP_poc,monthly,,volume_profile,,,,2025-04-30,0,2
105423.0,VP_poc,monthly,,volume_profile,,,,2025-05-31,0,1
107831.0,VP_val,monthly,,volume_profile,,,,2025-05-31,1,1
110771.0,VP_val,monthly,,volume_profile,,,,2025-04-30,0,0
74508.0,Fractal_Low,weekly,2025-04-07,fractal,,,,,1,0
75757.0,VP_vah,weekly,,volume_profile,,,,2025-04-06,1,0
76606.0,Fractal_Low,weekly,2025-03-10,fractal,,,,,1,0
78072.3575,Fib_0.25_weekly,weekly,2025-04-07,fibonacci,2025-03-24,2025-04-07,high_to_low,,1,0
78430.0,HTF_Level_weekly,weekly,2025-04-07,htf,,,,,0,1
79091.0,VP_poc,weekly,,volume_profile,,,,2025-04-06,1,2
79645.8575,Fib_0.75_weekly,weekly,2025-03-24,fibonacci,2025-03-10,2025-03-24,low_to_high,,1,0
80088.0,VP_vah,weekly,,volume_profile,,,,2025-03-09,1,0
80696.0,VP_vah,weekly,,volume_profile,,,,2025-02-23,2,0
80734.48,HTF_Level_weekly,weekly,2025-03-10,htf,,,,,2,0
80995.55423,Fib_0.639_weekly,weekly,2025-03-24,fibonacci,2025-03-10,2025-03-24,low_to_high,,1,0
81636.715,Fib_0.50_weekly,weekly,2025-04-07,fibonacci,2025-03-24,2025-04-07,high_to_low,,1,0
81731.0,VP_vah,weekly,,volume_profile,,,,2025-03-30,1,0
81994.0,VP_val,weekly,,volume_profile,,,,2025-04-06,1,0
82498.0,VP_vah,weekly,,volume_profile,,,,2025-03-16,1,0
82685.715,Fib_0.50_weekly,weekly,2025-03-24,fibonacci,2025-03-10,2025-03-24,low_to_high,,1,0
83077.0,VP_poc,weekly,,volume_profile,,,,2025-03-09,2,0
83100.0,VP_poc,weekly,,volume_profile,,,,2025-03-30,2,0
83278.0,Fib_0.25_weekly,weekly,2025-04-07,fibonacci,2025-01-20,2025-04-07,high_to_low,,2,0
83618.49777,Fib_0.639_weekly,weekly,2025-04-07,fibonacci,2025-03-24,2025-04-07,high_to_low,,2,0
83876.0,Fib_0.75_weekly,weekly,2025-05-19,fibonacci,2025-04-07,2025-05-19,low_to_high,,1,0
84064.0,VP_vah,weekly,,volume_profile,,,,2025-04-13,1,0
84112.0,VP_val,weekly,,volume_profile,,,,2025-03-09,1,0
84222.0,VP_poc,weekly,,volume_profile,,,,2025-03-16,2,0
84408.0,VP_val,weekly,,volume_profile,,,,2025-03-30,0,1
84599.0,VP_poc,weekly,,volume_profile,,,,2025-04-13,0,1
84740.0,VP_poc,weekly,,volume_profile,,,,2025-02-23,0,2
84808.0,VP_val,weekly,,volume_profile,,,,2025-03-16,0,2
84851.5,Fib_0.25_weekly,weekly,2025-03-10,fibonacci,2025-01-20,2025-03-10,high_to_low,,0,2
85201.0725,Fib_0.75_weekly,weekly,2025-04-07,fibonacci,2025-03-24,2025-04-07,high_to_low,,0,2
85437.0,VP_val,weekly,,volume_profile,,,,2025-04-13,0,2
85493.0,VP_vah,weekly,,volume_profile,,,,2025-03-23,0,2
85532.0,VP_vah,weekly,,volume_profile,,,,2025-03-02,1,1
85725.5725,Fib_0.25_weekly,weekly,2025-03-24,fibonacci,2025-03-10,2025-03-24,low_to_high,,1,0
86082.5,HTF_Level_weekly,weekly,2025-03-24,htf,,,,,0,3
86129.0,VP_poc,weekly,,volume_profile,,,,2025-03-02,0,3
87280.0,VP_poc,weekly,,volume_profile,,,,2025-03-23,0,1
88035.39199999999,Fib_0.639_weekly,weekly,2025-05-19,fibonacci,2025-04-07,2025-05-19,low_to_high,,0,0
88508.0,VP_val,weekly,,volume_profile,,,,2025-03-23,0,1
88615.0,VP_vah,weekly,,volume_profile,,,,2025-04-20,0,1
88765.43,Fractal_High,weekly,2025-03-24,fractal,,,,,0,1
89598.0,VP_val,weekly,,volume_profile,,,,2025-02-23,0,1
91231.0,Fractal_Low,weekly,2025-02-03,fractal,,,,,1,1
91781.0,VP_vah,weekly,,volume_profile,,,,2025-01-05,1,1
91823.0,VP_val,weekly,,volume_profile,,,,2025-03-02,1,1
92048.0,Fib_0.50_weekly,weekly,2025-04-07,fibonacci,2025-01-20,2025-04-07,high_to_low,,1,0
92910.0,VP_vah,weekly,,volume_profile,,,,2025-04-27,0,1
93097.0,Fib_0.50_weekly,weekly,2025-03-10,fibonacci,2025-01-20,2025-03-10,high_to_low,,0,1
93244.0,Fib_0.50_weekly,weekly,2025-05-19,fibonacci,2025-04-07,2025-05-19,low_to_high,,0,1
93281.0,VP_vah,weekly,,volume_profile,,,,2025-01-12,0,1
93581.0,VP_poc,weekly,,volume_profile,,,,2025-04-20,1,1
94545.07,HTF_Level_weekly,weekly,2025-01-13,htf,,,,,2,0
94624.0,VP_poc,weekly,,volume_profile,,,,2025-01-05,1,0
94870.0,VP_poc,weekly,,volume_profile,,,,2025-04-27,1,0
95006.0,VP_vah,weekly,,volume_profile,,,,2025-02-16,1,0
95758.0,VP_val,weekly,,volume_profile,,,,2025-04-20,1,0
95820.25,Fib_0.25_weekly,weekly,2025-02-03,fibonacci,2025-01-20,2025-02-03,high_to_low,,1,0
95862.0,VP_vah,weekly,,volume_profile,,,,2025-02-09,0,0
95872.0,VP_vah,weekly,,volume_profile,,,,2025-02-02,0,0
96031.0,VP_vah,weekly,,volume_profile,,,,2025-05-04,0,1
96098.0,VP_val,weekly,,volume_profile,,,,2025-04-27,0,1
96118.12,HTF_Level_weekly,weekly,2025-02-17,htf,,,,,0,1
96208.0,VP_poc,weekly,,volume_profile,,,,2025-02-16,0,1
96258.0,HTF_Level_weekly,weekly,2025-02-24,htf,,,,,0,1
96924.12,Fib_0.639_weekly,weekly,2025-04-07,fibonacci,2025-01-20,2025-04-07,high_to_low,,0,1
97402.0,VP_val,weekly,,volume_profile,,,,2025-02-16,0,1
97482.0,VP_poc,weekly,,volume_profile,,,,2025-02-09,0,2
97681.498,Fib_0.639_weekly,weekly,2025-03-10,fibonacci,2025-01-20,2025-03-10,high_to_low,,0,1
97860.0,VP_val,weekly,,volume_profile,,,,2025-01-05,0,1
97909.0,VP_val,weekly,,volume_profile,,,,2025-02-09,0,2
98167.0,VP_poc,weekly,,volume_profile,,,,2025-02-02,0,2
98200.0,Fractal_Low,weekly,2025-06-16,fractal,,,,,0,2
99478.0,VP_poc,weekly,,volume_profile,,,,2025-01-12,2,1
99566.0,VP_vah,weekly,,volume_profile,,,,2025-01-26,1,0
99711.0,VP_val,weekly,,volume_profile,,,,2025-02-02,1,0
100409.5,Fib_0.50_weekly,weekly,2025-02-03,fibonacci,2025-01-20,2025-02-03,high_to_low,,0,1
100818.0,Fib_0.75_weekly,weekly,2025-04-07,fibonacci,2025-01-20,2025-04-07,high_to_low,,1,1
100963.87,HTF_Level_weekly,weekly,2025-06-23,htf,,,,,0,1
101342.5,Fib_0.75_weekly,weekly,2025-03-10,fibonacci,2025-01-20,2025-03-10,high_to_low,,0,2
101645.0,Fib_0.25_weekly,weekly,2025-06-16,fibonacci,2025-05-19,2025-06-16,high_to_low,,1,2
101967.0,VP_vah,weekly,,volume_profile,,,,2025-06-22,1,1
102009.0,VP_poc,weekly,,volume_profile,,,,2025-01-26,1,1
102162.0,VP_vah,weekly,,volume_profile,,,,2025-01-19,1,1
102612.0,Fib_0.25_weekly,weekly,2025-05-19,fibonacci,2025-04-07,2025-05-19,low_to_high,,0,1
102620.01,HTF_Level_weekly,weekly,2025-01-27,htf,,,,,0,1
102875.0,VP_vah,weekly,,volume_profile,,,,2025-05-11,0,2
102961.123,Fib_0.639_weekly,weekly,2025-02-03,fibonacci,2025-01-20,2025-02-03,high_to_low,,0,1
103010.0,VP_vah,weekly,,volume_profile,,,,2025-06-15,0,1
103066.0,VP_vah,weekly,,volume_profile,,,,2025-06-08,1,1
103166.0,VP_poc,weekly,,volume_profile,,,,2025-05-04,1,1
103825.0,VP_val,weekly,,volume_profile,,,,2025-01-12,0,2
103869.0,VP_poc,weekly,,volume_profile,,,,2025-05-11,0,2
103979.0,VP_vah,weekly,,volume_profile,,,,2025-06-01,0,2
104502.0,VP_val,weekly,,volume_profile,,,,2025-05-11,0,1
104559.0,VP_val,weekly,,volume_profile,,,,2025-01-26,0,3
104756.0,VP_poc,weekly,,volume_profile,,,,2025-06-15,0,2
104985.0,VP_val,weekly,,volume_profile,,,,2025-05-04,0,2
104998.75,Fib_0.75_weekly,weekly,2025-02-03,fibonacci,2025-01-20,2025-02-03,high_to_low,,0,2
105090.0,Fib_0.50_weekly,weekly,2025-06-16,fibonacci,2025-05-19,2025-06-16,high_to_low,,0,2
105100.0,VP_poc,weekly,,volume_profile,,,,2025-01-19,0,2
105423.0,VP_poc,weekly,,volume_profile,,,,2025-06-01,0,1
105475.0,VP_poc,weekly,,volume_profile,,,,2025-06-08,0,1
105642.93,HTF_Level_weekly,weekly,2025-06-02,htf,,,,,0,1
105734.01,HTF_Level_weekly,weekly,2025-06-09,htf,,,,,0,1
105865.0,VP_val,weekly,,volume_profile,,,,2025-06-01,0,1
105876.0,VP_vah,weekly,,volume_profile,,,,2025-05-18,0,1
106065.0,VP_vah,weekly,,volume_profile,,,,2025-05-25,0,0
106316.0,VP_val,weekly,,volume_profile,,,,2025-06-15,0,1
106322.0,VP_val,weekly,,volume_profile,,,,2025-01-19,0,1
107005.42,Fib_0.639_weekly,weekly,2025-06-16,fibonacci,2025-05-19,2025-06-16,high_to_low,,1,0
107295.0,VP_poc,weekly,,volume_profile,,,,2025-06-22,0,0
107310.0,VP_vah,weekly,,volume_profile,,,,2025-06-29,0,0
107366.0,VP_poc,weekly,,volume_profile,,,,2025-06-29,0,1
108175.0,VP_val,weekly,,volume_profile,,,,2025-06-22,1,0
108196.0,VP_val,weekly,,volume_profile,,,,2025-06-29,1,0
108535.0,Fib_0.75_weekly,weekly,2025-06-16,fibonacci,2025-05-19,2025-06-16,high_to_low,,1,0
108748.0,VP_val,weekly,,volume_profile,,,,2025-06-08,0,0
109004.2,HTF_Level_weekly,weekly,2025-05-26,htf,,,,,1,1
109588.0,Fractal_High,weekly,2025-01-20,fractal,,,,,0,2
109600.0,VP_poc,weekly,,volume_profile,,,,2025-05-25,0,2
110500.0,VP_val,weekly,,volume_profile,,,,2025-05-25,0,0
110832.0,VP_poc,weekly,,volume_profile,,,,2025-05-18,0,0
111795.0,VP_val,weekly,,volume_profile,,,,2025-05-18,0,0
111980.0,Fractal_High,weekly,2025-05-19,fractal,,,,,0,1
